{
	"__comment": "Designed by Eiinnee with Cubik Studio - https://cubik.studio",
	"textures": {
		"particle": "blocks/e_particle",
		"texture": "blocks/e_texture",
		"sandstone_slab": "blocks/sandstone_slab",
		"sandstone_smooth": "blocks/sandstone_smooth",
		"hardened_clay_stained_white": "blocks/hardened_clay_stained_white",
		"piston_inner": "blocks/piston_inner",
		"iron_block": "blocks/iron_block",
		"planks_oak": "blocks/planks_oak",
		"tdw001": "items/tdw001",
		"voxels_atlas": "blocks/voxels_atlas"
	},
	"elements": [ 	 
		{
			"__comment": "Box64",
			"from": [ 0.5, 0.625, 5.875 ],
			"to": [ 4, 2.375, 10.875 ],
			"faces": {
				"down": { "uv": [ 0, 0, 8.75, 16 ], "texture": "#sandstone_smooth" },
				"up": { "uv": [ 0, 0, 8.75, 16 ], "texture": "#sandstone_smooth" },
				"north": { "uv": [ 7.25, 5.5, 16, 12.5 ], "texture": "#sandstone_slab" },
				"south": { "uv": [ 0, 5.5, 8.75, 12.5 ], "texture": "#sandstone_slab" },
				"west": { "uv": [ 0, 5.5, 16, 12.5 ], "texture": "#sandstone_slab" },
				"east": { "uv": [ 0, 5.5, 16, 12.5 ], "texture": "#sandstone_slab" }
			}
		},
		{
			"__comment": "Box64",
			"from": [ 1.4375, 2.375, 6.1875 ],
			"to": [ 4.1875, 4.125, 10.4375 ],
			"rotation": { "origin": [ 1.4375, 2.375, 6.1875 ], "axis": "z", "angle": -22.5 },
			"faces": {
				"down": { "uv": [ 0, 0.25, 9.5, 16 ], "texture": "#sandstone_smooth" },
				"up": { "uv": [ 0, 0, 9.5, 15.75 ], "texture": "#sandstone_smooth" },
				"north": { "uv": [ 6.5, 14.5, 16, 16 ], "texture": "#sandstone_slab" },
				"south": { "uv": [ 0, 14.5, 9.5, 16 ], "texture": "#sandstone_slab" },
				"west": { "uv": [ 0, 14.5, 15.75, 16 ], "texture": "#sandstone_slab" },
				"east": { "uv": [ 0.25, 14.5, 16, 16 ], "texture": "#sandstone_slab" }
			}
		},
		{
			"__comment": "Box64",
			"from": [ 1.625, 2.875, 6.0625 ],
			"to": [ 14.375, 5.625, 10.5625 ],
			"faces": {
				"down": { "uv": [ 0, 0, 16, 16 ], "texture": "#sandstone_smooth" },
				"up": { "uv": [ 0, 0, 16, 16 ], "texture": "#sandstone_smooth" },
				"north": { "uv": [ 0, 8.5, 16, 16 ], "texture": "#sandstone_slab" },
				"south": { "uv": [ 0, 8.5, 16, 16 ], "texture": "#sandstone_slab" },
				"west": { "uv": [ 0, 8.5, 16, 16 ], "texture": "#sandstone_slab" },
				"east": { "uv": [ 0, 8.5, 16, 16 ], "texture": "#sandstone_slab" }
			}
		},
		{
			"__comment": "Box64",
			"from": [ 12.0625, 1.25, 6.25 ],
			"to": [ 14.8125, 3, 10.5 ],
			"rotation": { "origin": [ 12.0625, 1.25, 6.25 ], "axis": "z", "angle": 22.5 },
			"faces": {
				"down": { "uv": [ 9, 0, 16, 16 ], "texture": "#sandstone_smooth" },
				"up": { "uv": [ 9, 0, 16, 16 ], "texture": "#sandstone_smooth" },
				"north": { "uv": [ 0, 3, 7, 10 ], "texture": "#sandstone_slab" },
				"south": { "uv": [ 9, 3, 16, 10 ], "texture": "#sandstone_slab" },
				"west": { "uv": [ 0, 3, 16, 10 ], "texture": "#sandstone_slab" },
				"east": { "uv": [ 0, 3, 16, 10 ], "texture": "#sandstone_slab" }
			}
		},
		{
			"__comment": "Box64",
			"from": [ 12.0625, 0.625, 5.9375 ],
			"to": [ 15.5625, 2.375, 10.9375 ],
			"faces": {
				"down": { "uv": [ 9, 0, 16, 16 ], "texture": "#sandstone_smooth" },
				"up": { "uv": [ 9, 0, 16, 16 ], "texture": "#sandstone_smooth" },
				"north": { "uv": [ 0, 5.5, 7, 12.5 ], "texture": "#sandstone_slab" },
				"south": { "uv": [ 9, 5.5, 16, 12.5 ], "texture": "#sandstone_slab" },
				"west": { "uv": [ 0, 5.5, 16, 12.5 ], "texture": "#sandstone_slab" },
				"east": { "uv": [ 0, 5.5, 16, 12.5 ], "texture": "#sandstone_slab" }
			}
		},
		{
			"__comment": "Box64",
			"from": [ 1.25, 5.625, 5.875 ],
			"to": [ 14.75, 6.875, 10.625 ],
			"faces": {
				"down": { "uv": [ 0, 0, 16, 16 ], "texture": "#sandstone_smooth" },
				"up": { "uv": [ 0, 0, 16, 16 ], "texture": "#sandstone_smooth" },
				"north": { "uv": [ 0, 3.5, 16, 8.5 ], "texture": "#sandstone_slab" },
				"south": { "uv": [ 0, 3.5, 16, 8.5 ], "texture": "#sandstone_slab" },
				"west": { "uv": [ 0, 3.5, 16, 8.5 ], "texture": "#sandstone_slab" },
				"east": { "uv": [ 0, 3.5, 16, 8.5 ], "texture": "#sandstone_slab" }
			}
		},
		{
			"__comment": "Box64",
			"from": [ 1, 6.875, 5.5625 ],
			"to": [ 15, 8.125, 11.0625 ],
			"faces": {
				"down": { "uv": [ 0, 0, 16, 16 ], "texture": "#sandstone_smooth" },
				"up": { "uv": [ 0, 0, 16, 16 ], "texture": "#sandstone_smooth" },
				"north": { "uv": [ 0, 0, 16, 3.5 ], "texture": "#sandstone_slab" },
				"south": { "uv": [ 0, 0, 16, 3.5 ], "texture": "#sandstone_slab" },
				"west": { "uv": [ 0, 0, 16, 3.5 ], "texture": "#sandstone_slab" },
				"east": { "uv": [ 0, 0, 16, 3.5 ], "texture": "#sandstone_slab" }
			}
		},
		{
			"__comment": "Box64",
			"from": [ 0.5625, 8.125, 5.4375 ],
			"to": [ 15.3125, 8.375, 11.1875 ],
			"faces": {
				"down": { "uv": [ 0, 0, 16, 16 ], "texture": "#sandstone_smooth" },
				"up": { "uv": [ 0, 0, 16, 16 ], "texture": "#sandstone_smooth" },
				"north": { "uv": [ 0, 13.5, 16, 14.5 ], "texture": "#sandstone_slab" },
				"south": { "uv": [ 0, 13.5, 16, 14.5 ], "texture": "#sandstone_slab" },
				"west": { "uv": [ 0, 13.5, 16, 14.5 ], "texture": "#sandstone_slab" },
				"east": { "uv": [ 0, 13.5, 16, 14.5 ], "texture": "#sandstone_slab" }
			}
		},
		{
			"__comment": "Box64",
			"from": [ 1, 8.375, 5.6875 ],
			"to": [ 7.75, 8.625, 10.9375 ],
			"faces": {
				"down": { "uv": [ 0, 0, 7.75, 16 ], "texture": "#sandstone_smooth" },
				"up": { "uv": [ 0, 0, 7.75, 16 ], "texture": "#sandstone_smooth" },
				"north": { "uv": [ 8.25, 12.5, 16, 13.5 ], "texture": "#sandstone_slab" },
				"south": { "uv": [ 0, 12.5, 7.75, 13.5 ], "texture": "#sandstone_slab" },
				"west": { "uv": [ 0, 12.5, 16, 13.5 ], "texture": "#sandstone_slab" },
				"east": { "uv": [ 0, 12.5, 16, 13.5 ], "texture": "#sandstone_slab" }
			}
		},
		{
			"__comment": "Box64",
			"from": [ 1.25, 8.625, 5.8125 ],
			"to": [ 7, 8.875, 10.8125 ],
			"faces": {
				"down": { "uv": [ 0, 0, 4.75, 16 ], "texture": "#sandstone_smooth" },
				"up": { "uv": [ 0, 0, 4.75, 16 ], "texture": "#sandstone_smooth" },
				"north": { "uv": [ 11.25, 11.5, 16, 12.5 ], "texture": "#sandstone_slab" },
				"south": { "uv": [ 0, 11.5, 4.75, 12.5 ], "texture": "#sandstone_slab" },
				"west": { "uv": [ 0, 11.5, 16, 12.5 ], "texture": "#sandstone_slab" },
				"east": { "uv": [ 0, 11.5, 16, 12.5 ], "texture": "#sandstone_slab" }
			}
		},
		{
			"__comment": "Box64",
			"from": [ 1.5, 8.875, 6 ],
			"to": [ 6, 9.125, 10.75 ],
			"faces": {
				"down": { "uv": [ 0, 0, 0.75, 16 ], "texture": "#sandstone_smooth" },
				"up": { "uv": [ 0, 0, 0.75, 16 ], "texture": "#sandstone_smooth" },
				"north": { "uv": [ 15.25, 10.5, 16, 11.5 ], "texture": "#sandstone_slab" },
				"south": { "uv": [ 0, 10.5, 0.75, 11.5 ], "texture": "#sandstone_slab" },
				"west": { "uv": [ 0, 10.5, 16, 11.5 ], "texture": "#sandstone_slab" },
				"east": { "uv": [ 0, 10.5, 16, 11.5 ], "texture": "#sandstone_slab" }
			}
		},
		{
			"__comment": "Box64",
			"from": [ 1.75, 9.125, 6.25 ],
			"to": [ 5.5, 9.375, 10.5 ],
			"faces": {
				"down": { "uv": [ 0, 0, 14.75, 16 ], "texture": "#sandstone_smooth" },
				"up": { "uv": [ 0, 0, 14.75, 16 ], "texture": "#sandstone_smooth" },
				"north": { "uv": [ 1.25, 9.5, 16, 10.5 ], "texture": "#sandstone_slab" },
				"south": { "uv": [ 0, 9.5, 14.75, 10.5 ], "texture": "#sandstone_slab" },
				"west": { "uv": [ 0, 9.5, 16, 10.5 ], "texture": "#sandstone_slab" },
				"east": { "uv": [ 0, 9.5, 16, 10.5 ], "texture": "#sandstone_slab" }
			}
		},
		{
			"__comment": "Box64",
			"from": [ 14.0625, 8.375, 6.25 ],
			"to": [ 15.0625, 8.625, 10.5 ],
			"faces": {
				"down": { "uv": [ 4, 4, 6, 12.5 ], "texture": "#sandstone_smooth" },
				"up": { "uv": [ 4, 3.5, 6, 12 ], "texture": "#sandstone_smooth" },
				"north": { "uv": [ 10, 1.25, 12, 1.75 ], "texture": "#sandstone_slab" },
				"south": { "uv": [ 4, 1.25, 6, 1.75 ], "texture": "#sandstone_slab" },
				"west": { "uv": [ 3.5, 1.25, 12, 1.75 ], "texture": "#sandstone_slab" },
				"east": { "uv": [ 4, 1.25, 12.5, 1.75 ], "texture": "#sandstone_slab" }
			}
		},
		{
			"__comment": "Box14",
			"from": [ 6.8125, 3.4062, 10.5312 ],
			"to": [ 9.4375, 5.7812, 10.7812 ],
			"faces": {
				"down": { "uv": [ 1.5, 3, 14.5, 4 ], "texture": "#hardened_clay_stained_white" },
				"up": { "uv": [ 1.5, 12, 14.5, 13 ], "texture": "#hardened_clay_stained_white" },
				"north": { "uv": [ 14.5, 1, 1.5, 10.5 ], "texture": "#hardened_clay_stained_white" },
				"south": { "uv": [ 1.5, 1, 14.5, 10.5 ], "texture": "#hardened_clay_stained_white" },
				"west": { "uv": [ 12, 1, 13, 10.5 ], "texture": "#hardened_clay_stained_white" },
				"east": { "uv": [ 13, 1, 12, 10.5 ], "texture": "#hardened_clay_stained_white" }
			}
		},
		{
			"__comment": "Box14",
			"from": [ 6.6875, 3.2031, 10.6406 ],
			"to": [ 9.5625, 5.9531, 10.8906 ],
			"faces": {
				"south": { "uv": [ 0, 0, 16, 16 ], "texture": "#tdw001" }
			}
		},
		{
			"__comment": "Box14",
			"from": [ 8.2188, 3.1094, 10.6406 ],
			"to": [ 8.9688, 3.4844, 10.8906 ],
			"faces": {
				"down": { "uv": [ 13.875, 2.375, 16, 3.375 ], "texture": "#planks_oak" },
				"up": { "uv": [ 13.875, 12.625, 16, 13.625 ], "texture": "#planks_oak" },
				"north": { "uv": [ 0.875, 5.875, 13.875, 7.375 ], "texture": "#planks_oak" },
				"south": { "uv": [ 13.875, 5.875, 16, 7.375 ], "texture": "#planks_oak" },
				"west": { "uv": [ 12.625, 5.875, 13.625, 7.375 ], "texture": "#planks_oak" },
				"east": { "uv": [ 13.625, 5.875, 12.625, 7.375 ], "texture": "#planks_oak" }
			}
		},
		{
			"__comment": "Box14",
			"from": [ 7.2812, 5.6719, 10.6406 ],
			"to": [ 8.0312, 6.0469, 10.8906 ],
			"faces": {
				"down": { "uv": [ 13.5, 2.375, 16, 3.375 ], "texture": "#planks_oak" },
				"up": { "uv": [ 13.5, 12.625, 16, 13.625 ], "texture": "#planks_oak" },
				"north": { "uv": [ 0.5, 3.875, 13.5, 5.375 ], "texture": "#planks_oak" },
				"south": { "uv": [ 13.5, 3.875, 16, 5.375 ], "texture": "#planks_oak" },
				"west": { "uv": [ 12.625, 3.875, 13.625, 5.375 ], "texture": "#planks_oak" },
				"east": { "uv": [ 13.625, 3.875, 12.625, 5.375 ], "texture": "#planks_oak" }
			}
		},
		{
			"__comment": "Box14",
			"from": [ 8.281199, 5.6719, 10.6406 ],
			"to": [ 9.031199, 6.0469, 10.8906 ],
			"faces": {
				"down": { "uv": [ 0, 2.375, 2.125, 3.375 ], "texture": "#planks_oak" },
				"up": { "uv": [ 0, 12.625, 2.125, 13.625 ], "texture": "#planks_oak" },
				"north": { "uv": [ 2.125, 4.375, 15.125, 5.875 ], "texture": "#planks_oak" },
				"south": { "uv": [ 0, 4.375, 2.125, 5.875 ], "texture": "#planks_oak" },
				"west": { "uv": [ 12.625, 4.375, 13.625, 5.875 ], "texture": "#planks_oak" },
				"east": { "uv": [ 13.625, 4.375, 12.625, 5.875 ], "texture": "#planks_oak" }
			}
		},
		{
			"__comment": "Box14",
			"from": [ 7.2188, 3.0781, 10.6406 ],
			"to": [ 7.9688, 3.4531, 10.8906 ],
			"faces": {
				"down": { "uv": [ 0, 2.375, 2, 3.375 ], "texture": "#planks_oak" },
				"up": { "uv": [ 0, 12.625, 2, 13.625 ], "texture": "#planks_oak" },
				"north": { "uv": [ 2, 6.5, 15, 8 ], "texture": "#planks_oak" },
				"south": { "uv": [ 0, 6.5, 2, 8 ], "texture": "#planks_oak" },
				"west": { "uv": [ 12.625, 6.5, 13.625, 8 ], "texture": "#planks_oak" },
				"east": { "uv": [ 13.625, 6.5, 12.625, 8 ], "texture": "#planks_oak" }
			}
		},
		{
			"__comment": "Box14",
			"from": [ 6.3125, 4.9219, 10.6406 ],
			"to": [ 7.0625, 5.2969, 10.8906 ],
			"rotation": { "origin": [ 6.3125, 4.921875, 10.64063 ], "axis": "z", "angle": 45 },
			"faces": {
				"down": { "uv": [ 0, 2.5, 2, 3.5 ], "texture": "#planks_oak" },
				"up": { "uv": [ 0, 12.5, 2, 13.5 ], "texture": "#planks_oak" },
				"north": { "uv": [ 2, 9, 15, 10.5 ], "texture": "#planks_oak" },
				"south": { "uv": [ 0, 9, 2, 10.5 ], "texture": "#planks_oak" },
				"west": { "uv": [ 12.5, 9, 13.5, 10.5 ], "texture": "#planks_oak" },
				"east": { "uv": [ 13.5, 9, 12.5, 10.5 ], "texture": "#planks_oak" }
			}
		},
		{
			"__comment": "Box14",
			"from": [ 5.9688, 3.9531, 10.6406 ],
			"to": [ 6.7188, 4.3281, 10.8906 ],
			"rotation": { "origin": [ 5.96875, 3.953125, 10.64063 ], "axis": "z", "angle": -45 },
			"faces": {
				"down": { "uv": [ 0, 2.5, 2.125, 3.5 ], "texture": "#planks_oak" },
				"up": { "uv": [ 0, 12.5, 2.125, 13.5 ], "texture": "#planks_oak" },
				"north": { "uv": [ 2.125, 1.75, 15.125, 3.25 ], "texture": "#planks_oak" },
				"south": { "uv": [ 0, 1.75, 2.125, 3.25 ], "texture": "#planks_oak" },
				"west": { "uv": [ 12.5, 1.75, 13.5, 3.25 ], "texture": "#planks_oak" },
				"east": { "uv": [ 13.5, 1.75, 12.5, 3.25 ], "texture": "#planks_oak" }
			}
		},
		{
			"__comment": "Box14",
			"from": [ 9.4688, 5.3906, 10.6406 ],
			"to": [ 10.2188, 5.7656, 10.8906 ],
			"rotation": { "origin": [ 9.46875, 5.390625, 10.64063 ], "axis": "z", "angle": -45 },
			"faces": {
				"down": { "uv": [ 0.125, 2.5, 3.125, 3.5 ], "texture": "#planks_oak" },
				"up": { "uv": [ 0.125, 12.5, 3.125, 13.5 ], "texture": "#planks_oak" },
				"north": { "uv": [ 3.125, 0, 0.125, 1 ], "texture": "#planks_oak" },
				"south": { "uv": [ 0.125, 0, 3.125, 1 ], "texture": "#planks_oak" },
				"west": { "uv": [ 12.5, 0, 13.5, 1 ], "texture": "#planks_oak" },
				"east": { "uv": [ 13.5, 0, 12.5, 1 ], "texture": "#planks_oak" }
			}
		},
		{
			"__comment": "Box14",
			"from": [ 7.875, 2.2656, 10.6406 ],
			"to": [ 8.25, 3.0156, 10.8906 ],
			"faces": {
				"down": { "uv": [ 2.898048, 2.500001, 4.398048, 3.500001 ], "texture": "#planks_oak" },
				"up": { "uv": [ 2.898048, 12.5, 4.398048, 13.5 ], "texture": "#planks_oak" },
				"north": { "uv": [ 4.398048, 0, 2.898048, 1.896639 ], "texture": "#planks_oak" },
				"south": { "uv": [ 2.898048, 0, 4.398048, 1.896639 ], "texture": "#planks_oak" },
				"west": { "uv": [ 12.5, 0, 13.5, 1.896639 ], "texture": "#planks_oak" },
				"east": { "uv": [ 13.5, 0, 12.5, 1.896639 ], "texture": "#planks_oak" }
			}
		},
		{
			"__comment": "Box14",
			"from": [ 5.5, 4.3594, 10.6406 ],
			"to": [ 6.25, 4.7344, 10.8906 ],
			"faces": {
				"down": { "uv": [ 13.5, 9.271639, 12.5, 12.27164 ], "texture": "#planks_oak", "rotation": 90 },
				"up": { "uv": [ 13.5, 12.27164, 12.5, 9.271639 ], "texture": "#planks_oak", "rotation": 270 },
				"north": { "uv": [ 3.85195, 9.271639, 2.35195, 12.27164 ], "texture": "#planks_oak", "rotation": 270 },
				"south": { "uv": [ 2.35195, 9.271639, 3.85195, 12.27164 ], "texture": "#planks_oak", "rotation": 90 },
				"west": { "uv": [ 2.35195, 2.5, 3.85195, 3.5 ], "texture": "#planks_oak", "rotation": 90 },
				"east": { "uv": [ 3.85195, 13.5, 2.35195, 12.5 ], "texture": "#planks_oak", "rotation": 270 }
			}
		},
		{
			"__comment": "Box14",
			"from": [ 6.25, 4.1719, 10.7656 ],
			"to": [ 6.625, 4.9219, 11.0156 ],
			"faces": {
				"down": { "uv": [ 4.5, 2.5, 6, 3.5 ], "texture": "#planks_oak" },
				"up": { "uv": [ 4.5, 12.5, 6, 13.5 ], "texture": "#planks_oak" },
				"north": { "uv": [ 6, 10.125, 4.5, 13.125 ], "texture": "#planks_oak" },
				"south": { "uv": [ 4.5, 10.125, 6, 13.125 ], "texture": "#planks_oak" },
				"west": { "uv": [ 12.5, 10.125, 13.5, 13.125 ], "texture": "#planks_oak" },
				"east": { "uv": [ 13.5, 10.125, 12.5, 13.125 ], "texture": "#planks_oak" }
			}
		},
		{
			"__comment": "Box14",
			"from": [ 10, 4.3594, 10.6406 ],
			"to": [ 10.75, 4.7344, 10.8906 ],
			"faces": {
				"down": { "uv": [ 13.5, 13, 12.5, 10 ], "texture": "#planks_oak", "rotation": 90 },
				"up": { "uv": [ 13.5, 10, 12.5, 13 ], "texture": "#planks_oak", "rotation": 270 },
				"north": { "uv": [ 9.625, 10, 8.125, 13 ], "texture": "#planks_oak", "rotation": 90 },
				"south": { "uv": [ 8.125, 10, 9.625, 13 ], "texture": "#planks_oak", "rotation": 270 },
				"west": { "uv": [ 8.125, 12.5, 9.625, 13.5 ], "texture": "#planks_oak", "rotation": 270 },
				"east": { "uv": [ 9.625, 3.5, 8.125, 2.5 ], "texture": "#planks_oak", "rotation": 90 }
			}
		},
		{
			"__comment": "Box14",
			"from": [ 9.656199, 3.3906, 10.6406 ],
			"to": [ 10.4062, 3.7656, 10.8906 ],
			"rotation": { "origin": [ 9.65625, 3.390625, 10.64063 ], "axis": "z", "angle": 45 },
			"faces": {
				"down": { "uv": [ 13.5, 13.52164, 12.5, 10.52164 ], "texture": "#planks_oak", "rotation": 90 },
				"up": { "uv": [ 13.5, 10.52164, 12.5, 13.52164 ], "texture": "#planks_oak", "rotation": 270 },
				"north": { "uv": [ 14.14805, 10.52164, 12.64805, 13.52164 ], "texture": "#planks_oak", "rotation": 90 },
				"south": { "uv": [ 12.64805, 10.52164, 14.14805, 13.52164 ], "texture": "#planks_oak", "rotation": 270 },
				"west": { "uv": [ 12.64805, 12.5, 14.14805, 13.5 ], "texture": "#planks_oak", "rotation": 270 },
				"east": { "uv": [ 14.14805, 3.5, 12.64805, 2.5 ], "texture": "#planks_oak", "rotation": 90 }
			}
		},
		{
			"__comment": "Box14",
			"from": [ 6.5937, 3.0781, 10.6406 ],
			"to": [ 7.3437, 3.4531, 10.8906 ],
			"rotation": { "origin": [ 7.34375, 3.453125, 10.64063 ], "axis": "z", "angle": -22.5 },
			"faces": {
				"down": { "uv": [ 13.5, 9.246321, 12.5, 12.24632 ], "texture": "#planks_oak", "rotation": 90 },
				"up": { "uv": [ 13.5, 12.24632, 12.5, 9.246321 ], "texture": "#planks_oak", "rotation": 270 },
				"north": { "uv": [ 0.3713207, 9.246321, 14.87132, 12.24632 ], "texture": "#planks_oak", "rotation": 270 },
				"south": { "uv": [ 14.87132, 9.246321, 16, 12.24632 ], "texture": "#planks_oak", "rotation": 90 },
				"west": { "uv": [ 14.87132, 2.5, 16, 3.5 ], "texture": "#planks_oak", "rotation": 90 },
				"east": { "uv": [ 16, 13.5, 14.87132, 12.5 ], "texture": "#planks_oak", "rotation": 270 }
			}
		},
		{
			"__comment": "Box14",
			"from": [ 8.9688, 5.3281, 10.6406 ],
			"to": [ 9.7188, 5.7031, 10.8906 ],
			"rotation": { "origin": [ 9.71875, 5.703125, 10.64063 ], "axis": "z", "angle": -22.5 },
			"faces": {
				"down": { "uv": [ 13.40434, 2.5, 16, 3.5 ], "texture": "#planks_oak" },
				"up": { "uv": [ 13.40434, 12.5, 16, 13.5 ], "texture": "#planks_oak" },
				"north": { "uv": [ 0.4043369, 7.362768, 13.40434, 8.862768 ], "texture": "#planks_oak" },
				"south": { "uv": [ 13.40434, 7.362768, 16, 8.862768 ], "texture": "#planks_oak" },
				"west": { "uv": [ 12.5, 7.362768, 13.5, 8.862768 ], "texture": "#planks_oak" },
				"east": { "uv": [ 13.5, 7.362768, 12.5, 8.862768 ], "texture": "#planks_oak" }
			}
		},
		{
			"__comment": "Box14",
			"from": [ 7.9375, 6.1406, 10.6406 ],
			"to": [ 8.3125, 6.8906, 10.8906 ],
			"faces": {
				"down": { "uv": [ 4.375, 2.5, 5.875, 3.5 ], "texture": "#planks_oak" },
				"up": { "uv": [ 4.375, 12.5, 5.875, 13.5 ], "texture": "#planks_oak" },
				"north": { "uv": [ 5.875, 0, 4.375, 1.25 ], "texture": "#planks_oak" },
				"south": { "uv": [ 4.375, 0, 5.875, 1.25 ], "texture": "#planks_oak" },
				"west": { "uv": [ 12.5, 0, 13.5, 1.25 ], "texture": "#planks_oak" },
				"east": { "uv": [ 13.5, 0, 12.5, 1.25 ], "texture": "#planks_oak" }
			}
		},
		{
			"__comment": "Box14",
			"from": [ 10.6875, 4.5156, 10.6406 ],
			"to": [ 11.4375, 4.6406, 10.8906 ],
			"faces": {
				"down": { "uv": [ 13.5, 0, 12.5, 1.25 ], "texture": "#planks_oak", "rotation": 90 },
				"up": { "uv": [ 13.5, 1.25, 12.5, 0 ], "texture": "#planks_oak", "rotation": 270 },
				"north": { "uv": [ 9.5, 0, 8, 1.25 ], "texture": "#planks_oak", "rotation": 270 },
				"south": { "uv": [ 8, 0, 9.5, 1.25 ], "texture": "#planks_oak", "rotation": 90 },
				"west": { "uv": [ 8, 2.5, 9.5, 3.5 ], "texture": "#planks_oak", "rotation": 90 },
				"east": { "uv": [ 9.5, 13.5, 8, 12.5 ], "texture": "#planks_oak", "rotation": 270 }
			}
		},
		{
			"__comment": "Box14",
			"from": [ 9.656199, 4.1406, 10.7656 ],
			"to": [ 10.0312, 4.8906, 11.0156 ],
			"faces": {
				"down": { "uv": [ 9.875, 2.5, 11.375, 3.5 ], "texture": "#planks_oak" },
				"up": { "uv": [ 9.875, 12.5, 11.375, 13.5 ], "texture": "#planks_oak" },
				"north": { "uv": [ 11.375, 0, 9.875, 1.875 ], "texture": "#planks_oak" },
				"south": { "uv": [ 9.875, 0, 11.375, 1.875 ], "texture": "#planks_oak" },
				"west": { "uv": [ 12.5, 0, 13.5, 1.875 ], "texture": "#planks_oak" },
				"east": { "uv": [ 13.5, 0, 12.5, 1.875 ], "texture": "#planks_oak" }
			}
		},
		{
			"__comment": "Box14",
			"from": [ 7.75, 5.7969, 10.7656 ],
			"to": [ 8.5, 6.1719, 11.0156 ],
			"faces": {
				"down": { "uv": [ 13.5, 0, 12.5, 1.425976 ], "texture": "#planks_oak", "rotation": 90 },
				"up": { "uv": [ 13.5, 1.425976, 12.5, 0 ], "texture": "#planks_oak", "rotation": 270 },
				"north": { "uv": [ 12.73918, 0, 11.23918, 1.425976 ], "texture": "#planks_oak", "rotation": 270 },
				"south": { "uv": [ 11.23918, 0, 12.73918, 1.425976 ], "texture": "#planks_oak", "rotation": 90 },
				"west": { "uv": [ 11.23918, 2.500001, 12.73918, 3.500001 ], "texture": "#planks_oak", "rotation": 90 },
				"east": { "uv": [ 12.73918, 13.5, 11.23918, 12.5 ], "texture": "#planks_oak", "rotation": 270 }
			}
		},
		{
			"__comment": "Box14",
			"from": [ 7.6875, 3.0156, 10.7656 ],
			"to": [ 8.4375, 3.3906, 11.0156 ],
			"faces": {
				"down": { "uv": [ 13.5, 12.5, 16, 13.5 ], "texture": "#planks_oak", "rotation": 180 },
				"up": { "uv": [ 13.5, 2.5, 16, 3.5 ], "texture": "#planks_oak", "rotation": 180 },
				"north": { "uv": [ 13.5, 2.75, 0.5, 1.25 ], "texture": "#planks_oak" },
				"south": { "uv": [ 16, 2.75, 13.5, 1.25 ], "texture": "#planks_oak" },
				"west": { "uv": [ 13.5, 1.25, 12.5, 2.75 ], "texture": "#planks_oak", "rotation": 180 },
				"east": { "uv": [ 12.5, 1.25, 13.5, 2.75 ], "texture": "#planks_oak", "rotation": 180 }
			}
		},
		{
			"__comment": "Box14",
			"from": [ 8.906199, 3.0781, 10.6406 ],
			"to": [ 9.656199, 3.4531, 10.8906 ],
			"rotation": { "origin": [ 8.90625, 3.078125, 10.64063 ], "axis": "z", "angle": 22.5 },
			"faces": {
				"down": { "uv": [ 13.875, 2.5, 16, 3.5 ], "texture": "#planks_oak" },
				"up": { "uv": [ 13.875, 12.5, 16, 13.5 ], "texture": "#planks_oak" },
				"north": { "uv": [ 0.875, 2.625, 13.875, 4.125 ], "texture": "#planks_oak" },
				"south": { "uv": [ 13.875, 2.625, 16, 4.125 ], "texture": "#planks_oak" },
				"west": { "uv": [ 12.5, 2.625, 13.5, 4.125 ], "texture": "#planks_oak" },
				"east": { "uv": [ 13.5, 2.625, 12.5, 4.125 ], "texture": "#planks_oak" }
			}
		},
		{
			"__comment": "Box14",
			"from": [ 6.7188, 5.3906, 10.6406 ],
			"to": [ 7.4688, 5.7656, 10.8906 ],
			"rotation": { "origin": [ 6.71875, 5.390625, 10.64063 ], "axis": "z", "angle": 22.5 },
			"faces": {
				"down": { "uv": [ 1, 2.5, 4, 3.5 ], "texture": "#planks_oak" },
				"up": { "uv": [ 1, 12.5, 4, 13.5 ], "texture": "#planks_oak" },
				"north": { "uv": [ 4, 10.5, 1, 12 ], "texture": "#planks_oak" },
				"south": { "uv": [ 1, 10.5, 4, 12 ], "texture": "#planks_oak" },
				"west": { "uv": [ 12.5, 10.5, 13.5, 12 ], "texture": "#planks_oak" },
				"east": { "uv": [ 13.5, 10.5, 12.5, 12 ], "texture": "#planks_oak" }
			}
		},
		{
			"__comment": "Box14",
			"from": [ 6.4375, 3.5781, 10.5156 ],
			"to": [ 6.8125, 5.4531, 10.7656 ],
			"faces": {
				"down": { "uv": [ 1.5, 3, 14.5, 4 ], "texture": "#hardened_clay_stained_white" },
				"up": { "uv": [ 1.5, 12, 14.5, 13 ], "texture": "#hardened_clay_stained_white" },
				"north": { "uv": [ 14.5, 1, 1.5, 10.5 ], "texture": "#hardened_clay_stained_white" },
				"south": { "uv": [ 1.5, 1, 14.5, 10.5 ], "texture": "#hardened_clay_stained_white" },
				"west": { "uv": [ 12, 1, 13, 10.5 ], "texture": "#hardened_clay_stained_white" },
				"east": { "uv": [ 13, 1, 12, 10.5 ], "texture": "#hardened_clay_stained_white" }
			}
		},
		{
			"__comment": "Box14",
			"from": [ 9.4375, 3.6094, 10.5156 ],
			"to": [ 9.8125, 5.4844, 10.7656 ],
			"faces": {
				"down": { "uv": [ 1.5, 3, 14.5, 4 ], "texture": "#hardened_clay_stained_white" },
				"up": { "uv": [ 1.5, 12, 14.5, 13 ], "texture": "#hardened_clay_stained_white" },
				"north": { "uv": [ 14.5, 1, 1.5, 10.5 ], "texture": "#hardened_clay_stained_white" },
				"south": { "uv": [ 1.5, 1, 14.5, 10.5 ], "texture": "#hardened_clay_stained_white" },
				"west": { "uv": [ 12, 1, 13, 10.5 ], "texture": "#hardened_clay_stained_white" },
				"east": { "uv": [ 13, 1, 12, 10.5 ], "texture": "#hardened_clay_stained_white" }
			}
		},
		{
			"__comment": "Box14",
			"from": [ 4.7812, 4.4844, 10.6406 ],
			"to": [ 5.5312, 4.6094, 10.8906 ],
			"faces": {
				"down": { "uv": [ 13.5, 0, 12.5, 1.25 ], "texture": "#planks_oak", "rotation": 90 },
				"up": { "uv": [ 13.5, 1.25, 12.5, 0 ], "texture": "#planks_oak", "rotation": 270 },
				"north": { "uv": [ 9.5, 0, 8, 1.25 ], "texture": "#planks_oak", "rotation": 270 },
				"south": { "uv": [ 8, 0, 9.5, 1.25 ], "texture": "#planks_oak", "rotation": 90 },
				"west": { "uv": [ 8, 2.5, 9.5, 3.5 ], "texture": "#planks_oak", "rotation": 90 },
				"east": { "uv": [ 9.5, 13.5, 8, 12.5 ], "texture": "#planks_oak", "rotation": 270 }
			}
		},
		{
			"__comment": "Box43",
			"from": [ 5.875, 14, 6.625 ],
			"to": [ 8.875, 18.75, 9.875 ],
			"rotation": { "origin": [ 5.875, 14, 6.625 ], "axis": "z", "angle": -45 },
			"faces": {
				"down": { "uv": [ 0, 0, 16, 16 ], "texture": "#iron_block" },
				"up": { "uv": [ 0, 0, 16, 16 ], "texture": "#iron_block" },
				"north": { "uv": [ 0, 0, 16, 16 ], "texture": "#iron_block" },
				"south": { "uv": [ 0, 0, 16, 16 ], "texture": "#iron_block" },
				"west": { "uv": [ 0, 0, 16, 16 ], "texture": "#piston_inner" },
				"east": { "uv": [ 0, 0, 16, 16 ], "texture": "#piston_inner" }
			}
		},
		{
			"__comment": "Box43",
			"from": [ 5.3373, 15.9219, 7.875 ],
			"to": [ 15.5873, 16.9219, 8.625 ],
			"rotation": { "origin": [ 5.875, 14, 6.625 ], "axis": "z", "angle": -45 },
			"faces": {
				"down": { "uv": [ 0, 0, 16, 16 ], "texture": "#planks_oak", "rotation": 90 },
				"up": { "uv": [ 0, 0, 16, 16 ], "texture": "#planks_oak", "rotation": 270 },
				"north": { "uv": [ 0, 0, 16, 16 ], "texture": "#planks_oak", "rotation": 270 },
				"south": { "uv": [ 0, 0, 16, 16 ], "texture": "#planks_oak", "rotation": 270 },
				"west": { "uv": [ 0, 0, 16, 16 ], "texture": "#planks_oak", "rotation": 180 },
				"east": { "uv": [ 0, 0, 16, 16 ], "texture": "#planks_oak", "rotation": 180 }
			}
		},
		{
			"__comment": "Box43",
			"from": [ 15.3173, 15.667, 7.625 ],
			"to": [ 15.5673, 17.167, 8.875 ],
			"rotation": { "origin": [ 5.875, 14, 6.625 ], "axis": "z", "angle": -45 },
			"faces": {
				"down": { "uv": [ 0, 0, 16, 16 ], "texture": "#iron_block" },
				"up": { "uv": [ 0, 0, 16, 16 ], "texture": "#iron_block" },
				"north": { "uv": [ 0, 0, 16, 16 ], "texture": "#iron_block" },
				"south": { "uv": [ 0, 0, 16, 16 ], "texture": "#iron_block" },
				"west": { "uv": [ 4.5, 4, 11.5, 11.5 ], "texture": "#piston_inner" },
				"east": { "uv": [ 4.5, 4, 11.5, 11.5 ], "texture": "#piston_inner" }
			}
		},
		{
			"__comment": "Box43",
			"from": [ 8.875, 15.75, 7.625 ],
			"to": [ 9.125, 17.25, 8.875 ],
			"rotation": { "origin": [ 5.875, 14, 6.625 ], "axis": "z", "angle": -45 },
			"faces": {
				"down": { "uv": [ 0, 0, 16, 16 ], "texture": "#iron_block" },
				"up": { "uv": [ 0, 0, 16, 16 ], "texture": "#iron_block" },
				"north": { "uv": [ 0, 0, 16, 16 ], "texture": "#iron_block" },
				"south": { "uv": [ 0, 0, 16, 16 ], "texture": "#iron_block" },
				"west": { "uv": [ 4.5, 4, 11.5, 11.5 ], "texture": "#piston_inner" },
				"east": { "uv": [ 4.5, 4, 11.5, 11.5 ], "texture": "#piston_inner" }
			}
		},
		{
			"__comment": "Box43",
			"from": [ 5.625, 15.75, 7.625 ],
			"to": [ 5.875, 17.25, 8.875 ],
			"rotation": { "origin": [ 5.875, 14, 6.625 ], "axis": "z", "angle": -45 },
			"faces": {
				"down": { "uv": [ 0, 0, 16, 16 ], "texture": "#iron_block" },
				"up": { "uv": [ 0, 0, 16, 16 ], "texture": "#iron_block" },
				"north": { "uv": [ 0, 0, 16, 16 ], "texture": "#iron_block" },
				"south": { "uv": [ 0, 0, 16, 16 ], "texture": "#iron_block" },
				"west": { "uv": [ 4.5, 4, 11.5, 11.5 ], "texture": "#piston_inner" },
				"east": { "uv": [ 4.5, 4, 11.5, 11.5 ], "texture": "#piston_inner" }
			}
		}
	],
	"display": {
		"gui": {
			"translation":  [ 0, 1, 0 ]
		},
		"head": {
			"rotation":  [ 0, 180, -5 ],
			"translation":  [ 0, -24, 0 ],
			"scale":  [ 2.6, 2.6, 2.6 ]
		},
		"ground": {
			"translation":  [ 0, 5, 0 ]
		},
		"fixed": {
			"rotation":  [ 0, 180, 0 ],
			"scale":  [ 2, 2, 2 ]
		}
	}
}