{
  "bgm.fantasy10": {
    "sounds": [
      {
        "name": "bgm/bgm_maoudamashii_fantasy10",
        "stream": true
      }
    ]
  },
  "se.monster_roaning": {
    "sounds": [
      "rpgmaker/monster_roaning1",
	  "rpgmaker/monster_roaning2",
      "rpgmaker/monster_roaning3"    
    ]
  },
  "se.dark2": {
    "sounds": [
      "rpgmaker/dark2"     
    ]
  },
  "se.dark": {
    "sounds": [
      "rpgmaker/dark"     
    ]
  },
  "se.book": {
    "sounds": [
      "se/book",
      "se/book02"     
    ]
  },
  "se.bow_stretch_c": {
    "sounds": [
      "se/bow_stretch_d",
      "se/bow_stretch_e"     
    ]
  },
  "se.bow_stretch_b": {
    "sounds": [
      "se/bow_stretch_c",
      "se/bow_stretch_d"     
    ]
  },
  "se.bow_stretch_a": {
    "sounds": [
      "se/bow_stretch_a",
      "se/bow_stretch_b"     
    ]
  },
  "se.bow_flame": {
    "sounds": [
      "se/bow_flame_c"     
    ]
  },
  "age.gaiasparkle": {
    "sounds": [
      "ageofmythology/gaiasparkle1",
      "ageofmythology/gaiasparkle2",
      "ageofmythology/gaiasparkle3"
    ]
  },
  "age.gaiabye": {
    "sounds": [
      {
        "name": "ageofmythology/gaiabye4",
        "stream": true
      }
    ]
  },
  "age.gaiaforest": {
    "sounds": [
      {
        "name": "ageofmythology/gaiaforest",
        "stream": true
      }
    ]
  },
  "age.healingspring": {
    "sounds": [
      {
        "name": "ageofmythology/healingspring",
        "stream": true
      }
    ]
  },
  "age.restorationbirth": {
    "sounds": [
      {
        "name": "ageofmythology/restorationbirth",
        "stream": true
      }
    ]
  },
  "age.staffdrop": {
    "sounds": [
      {
        "name": "ageofmythology/staffdrop",
        "stream": true
      }
    ]
  },
  "battle.music.m_earn": {
    "sounds": [
      {
        "name": "battle/m_earn",
        "stream": true
      }
    ]
  },
  "battle.music.boss": {
    "sounds": [
      {
        "name": "battle/n28",
        "stream": true
      }
    ]
  },
  "battle.music.punish4": {
    "sounds": [
      {
        "name": "battle/punish4",
        "stream": true
      }
    ]
  },
  "block.gun.m4shoot": {
    "sounds": [
         "gun/m4_shoot"         
    ]
  },
  "gun.pistolreload": {
    "sounds": [
         "gun/pistol_reload"         
    ]
  },
  "magic.bonk": {
    "sounds": [
      "magic/bonk1",
      "magic/bonk2",
      "magic/bonk3",
      "magic/bonk4"
    ],
    "category": "player"
  },
  "magic.sonic": {
    "sounds": [
      "magic/sonic"
    ],
    "category": "player"
  },
  "magic.crack": {
    "sounds": [
      {
        "name": "magic/crack1",
        "stream": false,
        "volume": 1,
        "pitch": 1,
        "weight": 3
      },
      {
        "name": "magic/crack1",
        "stream": false,
        "volume": 0.9,
        "pitch": 0.7
      },
      {
        "name": "magic/crack1",
        "stream": false,
        "volume": 1,
        "pitch": 0.8
      },
      {
        "name": "magic/crack1",
        "stream": false,
        "volume": 0.8,
        "pitch": 1.2
      },
      {
        "name": "magic/crack1",
        "stream": false,
        "volume": 1,
        "pitch": 1.3
      }
    ],
    "category": "player"
  },
  "magic.electrify": {
    "sounds": [
      {
        "name": "magic/electrify1",
        "stream": false,
        "volume": 1,
        "pitch": 1,
        "weight": 3
      },
      {
        "name": "magic/electrify1",
        "stream": false,
        "volume": 0.9,
        "pitch": 0.7
      },
      {
        "name": "magic/electrify1",
        "stream": false,
        "volume": 1,
        "pitch": 0.8
      },
      {
        "name": "magic/electrify1",
        "stream": false,
        "volume": 0.8,
        "pitch": 1.2
      },
      {
        "name": "magic/electrify1",
        "stream": false,
        "volume": 1,
        "pitch": 1.3
      }
    ],
    "category": "player"
  },
  "magic.hit": {
    "sounds": [
      "magic/hit1",
      "magic/hit2",
      "magic/hit3",
      "magic/hit4"
    ],
    "category": "player"
  },
  "magic.shimmer_crack": {
    "sounds": [
      {
        "name": "magic/shimmer_crack1",
        "stream": false,
        "volume": 1,
        "pitch": 1,
        "weight": 3
      },
      {
        "name": "magic/shimmer_crack1",
        "stream": false,
        "volume": 0.9,
        "pitch": 0.7
      },
      {
        "name": "magic/shimmer_crack1",
        "stream": false,
        "volume": 1,
        "pitch": 0.8
      },
      {
        "name": "magic/shimmer_crack1",
        "stream": false,
        "volume": 0.8,
        "pitch": 1.2
      },
      {
        "name": "magic/shimmer_crack1",
        "stream": false,
        "volume": 1,
        "pitch": 1.3
      }
    ],
    "category": "player"
  },
  "magic.shimmer": {
    "sounds": [
      {
        "name": "magic/shimmer1",
        "stream": false,
        "volume": 1,
        "pitch": 1,
        "weight": 3
      },
      {
        "name": "magic/shimmer1",
        "stream": false,
        "volume": 0.9,
        "pitch": 0.7
      },
      {
        "name": "magic/shimmer1",
        "stream": false,
        "volume": 1,
        "pitch": 0.8
      },
      {
        "name": "magic/shimmer1",
        "stream": false,
        "volume": 0.8,
        "pitch": 1.2
      },
      {
        "name": "magic/shimmer1",
        "stream": false,
        "volume": 1,
        "pitch": 1.3
      }
    ],
    "category": "player"
  },
  "magic.zap_crack": {
    "sounds": [
      {
        "name": "magic/zap_crack1",
        "stream": false,
        "volume": 1,
        "pitch": 1,
        "weight": 3
      },
      {
        "name": "magic/zap_crack1",
        "stream": false,
        "volume": 0.9,
        "pitch": 0.7
      },
      {
        "name": "magic/zap_crack1",
        "stream": false,
        "volume": 1,
        "pitch": 0.8
      },
      {
        "name": "magic/zap_crack1",
        "stream": false,
        "volume": 0.8,
        "pitch": 1.2
      },
      {
        "name": "magic/zap_crack1",
        "stream": false,
        "volume": 1,
        "pitch": 1.3
      }
    ],
    "category": "player"
  },
  "magic.zap": {
    "sounds": [
      {
        "name": "magic/zap1",
        "stream": false,
        "volume": 1,
        "pitch": 1,
        "weight": 3
      },
      {
        "name": "magic/zap1",
        "stream": false,
        "volume": 0.9,
        "pitch": 0.7
      },
      {
        "name": "magic/zap1",
        "stream": false,
        "volume": 1,
        "pitch": 0.8
      },
      {
        "name": "magic/zap1",
        "stream": false,
        "volume": 0.8,
        "pitch": 1.2
      },
      {
        "name": "magic/zap1",
        "stream": false,
        "volume": 1,
        "pitch": 1.3
      }
    ],
    "category": "player"
  },
  "magic.zap_big": {
    "sounds": [
      {
        "name": "magic/zap_big1",
        "stream": false,
        "volume": 1,
        "pitch": 1,
        "weight": 3
      },
      {
        "name": "magic/zap_big1",
        "stream": false,
        "volume": 0.9,
        "pitch": 0.7
      },
      {
        "name": "magic/zap_big1",
        "stream": false,
        "volume": 1,
        "pitch": 0.8
      },
      {
        "name": "magic/zap_big1",
        "stream": false,
        "volume": 0.8,
        "pitch": 1.2
      },
      {
        "name": "magic/zap_big1",
        "stream": false,
        "volume": 1,
        "pitch": 1.3
      }
    ],
    "category": "player"
  },
  "magic.teleport": {
    "sounds": [
      {
        "name": "magic/teleport1",
        "stream": false,
        "volume": 1,
        "pitch": 1,
        "weight": 3
      },
      {
        "name": "magic/teleport1",
        "stream": false,
        "volume": 0.9,
        "pitch": 0.7
      },
      {
        "name": "magic/teleport1",
        "stream": false,
        "volume": 1,
        "pitch": 0.8
      },
      {
        "name": "magic/teleport1",
        "stream": false,
        "volume": 0.8,
        "pitch": 1.2
      },
      {
        "name": "magic/teleport1",
        "stream": false,
        "volume": 1,
        "pitch": 1.3
      },
      {
        "name": "magic/teleport2",
        "stream": false,
        "volume": 1,
        "pitch": 1,
        "weight": 3
      },
      {
        "name": "magic/teleport2",
        "stream": false,
        "volume": 0.9,
        "pitch": 0.7
      },
      {
        "name": "magic/teleport2",
        "stream": false,
        "volume": 1,
        "pitch": 0.8
      },
      {
        "name": "magic/teleport2",
        "stream": false,
        "volume": 0.8,
        "pitch": 1.2
      },
      {
        "name": "magic/teleport2",
        "stream": false,
        "volume": 1,
        "pitch": 1.3
      }
    ],
    "category": "player"
  },
  "magic.shield": {
    "sounds": [
      {
        "name": "magic/shield1",
        "stream": false,
        "volume": 1,
        "pitch": 1,
        "weight": 3
      },
      {
        "name": "magic/shield1",
        "stream": false,
        "volume": 0.9,
        "pitch": 0.7
      },
      {
        "name": "magic/shield1",
        "stream": false,
        "volume": 1,
        "pitch": 0.8
      },
      {
        "name": "magic/shield1",
        "stream": false,
        "volume": 0.8,
        "pitch": 1.2
      },
      {
        "name": "magic/shield1",
        "stream": false,
        "volume": 1,
        "pitch": 1.3
      }
    ],
    "category": "player"
  },
  "magic.burn": {
    "sounds": [
      {
        "name": "magic/burn1",
        "stream": false,
        "volume": 1,
        "pitch": 1,
        "weight": 3
      },
      {
        "name": "magic/burn1",
        "stream": false,
        "volume": 0.9,
        "pitch": 0.7
      },
      {
        "name": "magic/burn1",
        "stream": false,
        "volume": 1,
        "pitch": 0.8
      },
      {
        "name": "magic/burn1",
        "stream": false,
        "volume": 0.8,
        "pitch": 1.2
      },
      {
        "name": "magic/burn1",
        "stream": false,
        "volume": 1,
        "pitch": 1.3
      }
    ],
    "category": "player"
  },
  "magic.ignite": {
    "sounds": [
      {
        "name": "magic/ignite1",
        "stream": false,
        "volume": 1,
        "pitch": 1,
        "weight": 3
      },
      {
        "name": "magic/ignite1",
        "stream": false,
        "volume": 0.9,
        "pitch": 0.7
      },
      {
        "name": "magic/ignite1",
        "stream": false,
        "volume": 1,
        "pitch": 0.8
      },
      {
        "name": "magic/ignite1",
        "stream": false,
        "volume": 0.8,
        "pitch": 1.2
      },
      {
        "name": "magic/ignite1",
        "stream": false,
        "volume": 1,
        "pitch": 1.3
      }
    ],
    "category": "player"
  },
  "magic.shimmer_quiet": {
    "sounds": [
      {
        "name": "magic/shimmer_quiet1",
        "stream": false,
        "volume": 1,
        "pitch": 1,
        "weight": 3
      },
      {
        "name": "magic/shimmer_quiet1",
        "stream": false,
        "volume": 0.9,
        "pitch": 0.7
      },
      {
        "name": "magic/shimmer_quiet1",
        "stream": false,
        "volume": 1,
        "pitch": 0.8
      },
      {
        "name": "magic/shimmer_quiet1",
        "stream": false,
        "volume": 0.8,
        "pitch": 1.2
      },
      {
        "name": "magic/shimmer_quiet1",
        "stream": false,
        "volume": 1,
        "pitch": 1.3
      }
    ],
    "category": "player"
  },
  "magic.flying": {
    "sounds": [
      {
        "name": "magic/flying1",
        "stream": false,
        "volume": 1,
        "pitch": 1,
        "weight": 3
      },
      {
        "name": "magic/flying1",
        "stream": false,
        "volume": 0.9,
        "pitch": 0.7
      },
      {
        "name": "magic/flying1",
        "stream": false,
        "volume": 1,
        "pitch": 0.8
      },
      {
        "name": "magic/flying1",
        "stream": false,
        "volume": 0.8,
        "pitch": 1.2
      },
      {
        "name": "magic/flying1",
        "stream": false,
        "volume": 1,
        "pitch": 1.3
      }
    ],
    "category": "player"
  },
  "magic.paperturn": {
    "sounds": [
      {
        "name": "magic/paperturn1",
        "stream": false,
        "volume": 1,
        "pitch": 1,
        "weight": 3
      },
      {
        "name": "magic/paperturn1",
        "stream": false,
        "volume": 0.9,
        "pitch": 0.7
      },
      {
        "name": "magic/paperturn1",
        "stream": false,
        "volume": 1,
        "pitch": 0.8
      },
      {
        "name": "magic/paperturn1",
        "stream": false,
        "volume": 0.8,
        "pitch": 1.2
      },
      {
        "name": "magic/paperturn1",
        "stream": false,
        "volume": 1,
        "pitch": 1.3
      }
    ],
    "category": "player"
  },
  "magic.wandup": {
    "sounds": [
      {
        "name": "magic/wandup1",
        "stream": false,
        "volume": 1,
        "pitch": 1,
        "weight": 3
      },
      {
        "name": "magic/wandup1",
        "stream": false,
        "volume": 0.9,
        "pitch": 0.7
      },
      {
        "name": "magic/wandup1",
        "stream": false,
        "volume": 1,
        "pitch": 0.8
      },
      {
        "name": "magic/wandup1",
        "stream": false,
        "volume": 0.8,
        "pitch": 1.2
      },
      {
        "name": "magic/wandup1",
        "stream": false,
        "volume": 1,
        "pitch": 1.3
      }
    ],
    "category": "player"
  },
  "magic.wanddown": {
    "sounds": [
      {
        "name": "magic/wanddown1",
        "stream": false,
        "volume": 1,
        "pitch": 1,
        "weight": 3
      },
      {
        "name": "magic/wanddown1",
        "stream": false,
        "volume": 0.9,
        "pitch": 0.7
      },
      {
        "name": "magic/wanddown1",
        "stream": false,
        "volume": 1,
        "pitch": 0.8
      },
      {
        "name": "magic/wanddown1",
        "stream": false,
        "volume": 0.8,
        "pitch": 1.2
      },
      {
        "name": "magic/wanddown1",
        "stream": false,
        "volume": 1,
        "pitch": 1.3
      }
    ],
    "category": "player"
  },
  "magic.shimmer_big": {
    "sounds": [
      {
        "name": "magic/shimmer_big1",
        "stream": false,
        "volume": 1,
        "pitch": 1,
        "weight": 3
      },
      {
        "name": "magic/shimmer_big1",
        "stream": false,
        "volume": 0.9,
        "pitch": 0.7
      },
      {
        "name": "magic/shimmer_big1",
        "stream": false,
        "volume": 1,
        "pitch": 0.8
      },
      {
        "name": "magic/shimmer_big1",
        "stream": false,
        "volume": 0.8,
        "pitch": 1.2
      },
      {
        "name": "magic/shimmer_big1",
        "stream": false,
        "volume": 1,
        "pitch": 1.3
      }
    ],
    "category": "player"
  },
  "magic.shield_boom": {
    "sounds": [
      {
        "name": "magic/shield_boom1",
        "stream": false,
        "volume": 1,
        "pitch": 1,
        "weight": 3
      },
      {
        "name": "magic/shield_boom1",
        "stream": false,
        "volume": 0.9,
        "pitch": 0.7
      },
      {
        "name": "magic/shield_boom1",
        "stream": false,
        "volume": 1,
        "pitch": 0.8
      },
      {
        "name": "magic/shield_boom1",
        "stream": false,
        "volume": 0.8,
        "pitch": 1.2
      },
      {
        "name": "magic/shield_boom1",
        "stream": false,
        "volume": 1,
        "pitch": 1.3
      }
    ],
    "category": "player"
  },
  "magic.zap_up": {
    "sounds": [
      {
        "name": "magic/zap_up1",
        "stream": false,
        "volume": 1,
        "pitch": 1,
        "weight": 3
      },
      {
        "name": "magic/zap_up1",
        "stream": false,
        "volume": 0.9,
        "pitch": 0.7
      },
      {
        "name": "magic/zap_up1",
        "stream": false,
        "volume": 1,
        "pitch": 0.8
      },
      {
        "name": "magic/zap_up1",
        "stream": false,
        "volume": 0.8,
        "pitch": 1.2
      },
      {
        "name": "magic/zap_up1",
        "stream": false,
        "volume": 1,
        "pitch": 1.3
      }
    ],
    "category": "player"
  },
  "magic.vanish": {
    "sounds": [
      {
        "name": "magic/vanish1",
        "stream": false,
        "volume": 1,
        "pitch": 1,
        "weight": 3
      },
      {
        "name": "magic/vanish1",
        "stream": false,
        "volume": 0.9,
        "pitch": 0.7
      },
      {
        "name": "magic/vanish1",
        "stream": false,
        "volume": 1,
        "pitch": 0.8
      },
      {
        "name": "magic/vanish1",
        "stream": false,
        "volume": 0.8,
        "pitch": 1.2
      },
      {
        "name": "magic/vanish1",
        "stream": false,
        "volume": 1,
        "pitch": 1.3
      }
    ],
    "category": "player"
  },
  "flute.1C": {
    "sounds": [
      "flute/1cmid"
    ],
    "category": "player"
  },
  "flute.2C#": {
    "sounds": [
      "flute/2c#"
    ],
    "category": "player"
  },
  "flute.3D": {
    "sounds": [
      "flute/3d"
    ],
    "category": "player"
  },
  "flute.4D#": {
    "sounds": [
      "flute/4d#"
    ],
    "category": "player"
  },
  "flute.5E": {
    "sounds": [
      "flute/5e"
    ],
    "category": "player"
  },
  "flute.6F": {
    "sounds": [
      "flute/6F"
    ],
    "category": "player"
  },
  "flute.7F#": {
    "sounds": [
      "flute/7f#"
    ],
    "category": "player"
  },
  "flute.8G": {
    "sounds": [
      "flute/8G"
    ],
    "category": "player"
  },
  "flute.9G#": {
    "sounds": [
      "flute/9g#"
    ],
    "category": "player"
  },
  "flute.10A": {
    "sounds": [
      "flute/10a"
    ],
    "category": "player"
  },
  "flute.11A#": {
    "sounds": [
      "flute/11a#"
    ],
    "category": "player"
  },
  "flute.12B": {
    "sounds": [
      "flute/12b"
    ],
    "category": "player"
  },
  "flute.13Coctave": {
    "sounds": [
      "flute/13coctave"
    ],
    "category": "player"
  },
  "flute.14C#": {
    "sounds": [
      "flute/14c#"
    ],
    "category": "player"
  },
  "flute.15D": {
    "sounds": [
      "flute/15d"
    ],
    "category": "player"
  },
  "flute.16D#": {
    "sounds": [
      "flute/16d#"
    ],
    "category": "player"
  },
  "flute.17E": {
    "sounds": [
      "flute/17e"
    ],
    "category": "player"
  },
  "flute.18F": {
    "sounds": [
      "flute/18f"
    ],
    "category": "player"
  },
  "flute.19F#": {
    "sounds": [
      "flute/19f#"
    ],
    "category": "player"
  },
  "flute.20G": {
    "sounds": [
      "flute/20g"
    ],
    "category": "player"
  },
  "flute.21G#": {
    "sounds": [
      "flute/21g#"
    ],
    "category": "player"
  },
  "flute.22A": {
    "sounds": [
      "flute/22a"
    ],
    "category": "player"
  },
  "flute.23A#": {
    "sounds": [
      "flute/23a#"
    ],
    "category": "player"
  },
  "flute.24B": {
    "sounds": [
      "flute/24b"
    ],
    "category": "player"
  },
  "magic.saberon": {
    "category": "player",
    "sounds": [
      {
        "weight": 3,
        "pitch": 1,
        "volume": 1.3,
        "stream": false,
        "name": "saber/saberon"
      },
      {
        "pitch": 0.7,
        "volume": 1.4,
        "stream": false,
        "name": "saber/saberon"
      },
      {
        "pitch": 0.8,
        "volume": 1.2,
        "stream": false,
        "name": "saber/saberon"
      },
      {
        "pitch": 1.1,
        "volume": 1.3,
        "stream": false,
        "name": "saber/saberon"
      }
    ]
  },
  "magic.saberoff": {
    "category": "player",
    "sounds": [
      {
        "weight": 3,
        "pitch": 1,
        "volume": 1,
        "stream": false,
        "name": "saber/saberoff"
      },
      {
        "pitch": 0.7,
        "volume": 0.9,
        "stream": false,
        "name": "saber/saberoff"
      },
      {
        "pitch": 0.8,
        "volume": 1,
        "stream": false,
        "name": "saber/saberoff"
      },
      {
        "pitch": 1.2,
        "volume": 0.8,
        "stream": false,
        "name": "saber/saberoff"
      },
      {
        "pitch": 1.3,
        "volume": 1,
        "stream": false,
        "name": "saber/saberoff"
      }
    ]
  },
  "magic.saberhum": {
    "category": "player",
    "sounds": [
      {
        "pitch": 1,
        "volume": 5,
        "stream": false,
        "name": "saber/saberhum"
      }
    ]
  },
  "magic.saberhit": {
    "category": "player",
    "sounds": [
      {
        "weight": 3,
        "pitch": 1,
        "volume": 1,
        "stream": false,
        "name": "saber/saberhit"
      },
      {
        "pitch": 0.7,
        "volume": 0.9,
        "stream": false,
        "name": "saber/saberhit"
      },
      {
        "pitch": 0.8,
        "volume": 1,
        "stream": false,
        "name": "saber/saberhit"
      },
      {
        "pitch": 1.2,
        "volume": 0.8,
        "stream": false,
        "name": "saber/saberhit"
      },
      {
        "pitch": 1.3,
        "volume": 1,
        "stream": false,
        "name": "saber/saberhit"
      }
    ]
  },
  "magic.saberswing": {
    "category": "player",
    "sounds": [
      "saber/saberswing1",
      "saber/saberswing2",
      "saber/saberswing3",
      "saber/saberswing4",
      "saber/saberswing5",
      "saber/saberswing6",
      "saber/saberswing7",
      "saber/saberswing8"
    ]
  }
,
  "war.ak47": {
    "sounds": [
      {
        "name": "war/ak47-1",
        "volume": 1,
        "pitch": 1,
        "weight": 3
      },
      {
        "name": "war/ak47-1",
        "volume": 0.9,
        "pitch": 0.7
      },
      {
        "name": "war/ak47-1",
        "volume": 1,
        "pitch": 0.8
      },
      {
        "name": "war/ak47-1",
        "volume": 0.8,
        "pitch": 1.2
      },
      {
        "name": "war/ak47-1",
        "volume": 1,
        "pitch": 1.3
      }
    ],
    "category": "player"
  },
  "war.deserteagle": {
    "sounds": [
      {
        "name": "war/deserteagle-1",
        "volume": 1,
        "pitch": 1,
        "weight": 3
      },
      {
        "name": "war/deserteagle-1",
        "volume": 0.9,
        "pitch": 0.7
      },
      {
        "name": "war/deserteagle-1",
        "volume": 1,
        "pitch": 0.8
      },
      {
        "name": "war/deserteagle-1",
        "volume": 0.8,
        "pitch": 1.2
      },
      {
        "name": "war/deserteagle-1",
        "volume": 1,
        "pitch": 1.3
      }
    ],
    "category": "player"
  },
  "war.rocketlauncher": {
    "sounds": [
      {
        "name": "war/rocketlauncher-1",
        "volume": 1,
        "pitch": 1,
        "weight": 3
      },
      {
        "name": "war/rocketlauncher-1",
        "volume": 0.9,
        "pitch": 0.7
      },
      {
        "name": "war/rocketlauncher-1",
        "volume": 1,
        "pitch": 0.8
      },
      {
        "name": "war/rocketlauncher-1",
        "volume": 0.8,
        "pitch": 1.2
      },
      {
        "name": "war/rocketlauncher-1",
        "volume": 1,
        "pitch": 1.3
      }
    ],
    "category": "player"
  },
  "war.shotgun": {
    "sounds": [
      {
        "name": "war/shotgun-1",
        "volume": 1,
        "pitch": 1,
        "weight": 3
      },
      {
        "name": "war/shotgun-1",
        "volume": 0.9,
        "pitch": 0.7
      },
      {
        "name": "war/shotgun-1",
        "volume": 1,
        "pitch": 0.8
      },
      {
        "name": "war/shotgun-1",
        "volume": 0.8,
        "pitch": 1.2
      },
      {
        "name": "war/shotgun-1",
        "volume": 1,
        "pitch": 1.3
      }
    ],
    "category": "player"
  },
  "war.sniperrifle": {
    "sounds": [
      {
        "name": "war/sniperrifle-1",
        "volume": 1,
        "pitch": 1,
        "weight": 3
      },
      {
        "name": "war/sniperrifle-1",
        "volume": 0.9,
        "pitch": 0.7
      },
      {
        "name": "war/sniperrifle-1",
        "volume": 1,
        "pitch": 0.8
      },
      {
        "name": "war/sniperrifle-1",
        "volume": 0.8,
        "pitch": 1.2
      },
      {
        "name": "war/sniperrifle-1",
        "volume": 1,
        "pitch": 1.3
      }
    ],
    "category": "player"
  },
  "war.ak47-reload": {
    "sounds": [
      {
        "name": "war/ak47-reload-1",
        "volume": 1,
        "pitch": 1,
        "weight": 3
      },
      {
        "name": "war/ak47-reload-1",
        "volume": 1,
        "pitch": 0.9
      },
      {
        "name": "war/ak47-reload-1",
        "volume": 1,
        "pitch": 1.1
      }
    ],
    "category": "player"
  },
  "war.deserteagle-reload": {
    "sounds": [
      {
        "name": "war/deserteagle-reload-1",
        "volume": 1,
        "pitch": 1,
        "weight": 3
      },
      {
        "name": "war/deserteagle-reload-1",
        "volume": 1,
        "pitch": 0.9
      },
      {
        "name": "war/deserteagle-reload-1",
        "volume": 1,
        "pitch": 1.1
      }
    ],
    "category": "player"
  },
  "war.rocketlauncher-reload": {
    "sounds": [
      {
        "name": "war/rocketlauncher-reload-1",
        "volume": 1,
        "pitch": 1,
        "weight": 3
      },
      {
        "name": "war/rocketlauncher-reload-1",
        "volume": 1,
        "pitch": 0.9
      },
      {
        "name": "war/rocketlauncher-reload-1",
        "volume": 1,
        "pitch": 1.1
      }
    ],
    "category": "player"
  },
  "war.shotgun-reload": {
    "sounds": [
      {
        "name": "war/shotgun-reload-1",
        "volume": 1,
        "pitch": 1,
        "weight": 3
      },
      {
        "name": "war/shotgun-reload-1",
        "volume": 1,
        "pitch": 0.9
      },
      {
        "name": "war/shotgun-reload-1",
        "volume": 1,
        "pitch": 1.1
      }
    ],
    "category": "player"
  },
  "war.sniperrifle-reload": {
    "sounds": [
      {
        "name": "war/sniperrifle-reload-1",
        "volume": 1,
        "pitch": 1,
        "weight": 3
      },
      {
        "name": "war/sniperrifle-reload-1",
        "volume": 1,
        "pitch": 0.9
      },
      {
        "name": "war/sniperrifle-reload-1",
        "volume": 1,
        "pitch": 1.1
      }
    ],
    "category": "player"
  },
  "war.ricochet": {
    "sounds": [
      {
        "name": "war/ricochet-1",
        "volume": 1,
        "pitch": 1,
        "weight": 3
      },
      {
        "name": "war/ricochet-1",
        "volume": 0.9,
        "pitch": 0.7
      },
      {
        "name": "war/ricochet-1",
        "volume": 1,
        "pitch": 0.8
      },
      {
        "name": "war/ricochet-1",
        "volume": 0.8,
        "pitch": 1.2
      },
      {
        "name": "war/ricochet-1",
        "volume": 1,
        "pitch": 1.3
      }
    ],
    "category": "player"
  },
  "war.flashbang": {
    "sounds": [
      "war/flashbang-1"
    ],
    "category": "player"
  },
  "war.ringing": {
    "sounds": [
      "war/ringing-1"
    ],
    "category": "player"
  },
  "war.noammo": {
    "sounds": [
      {
        "name": "war/noammo-1",
        "volume": 1,
        "pitch": 1,
        "weight": 3
      },
      {
        "name": "war/noammo-1",
        "volume": 1,
        "pitch": 0.9
      },
      {
        "name": "war/noammo-1",
        "volume": 1,
        "pitch": 1.1
      }
    ],
    "category": "player"
  },
  "war.electricmotor": {
    "sounds": [
      {
        "name": "war/electricmotor-1",
        "volume": 1,
        "pitch": 1,
        "weight": 3
      }
    ],
    "category": "player"
  },
  "war.engine": {
    "sounds": [
      {
        "name": "war/engine-1",
        "volume": 1,
        "pitch": 1,
        "weight": 3
      }
    ],
    "category": "player"
  },
  "war.radar": {
    "sounds": [
      {
        "name": "war/radar-1",
        "volume": 1,
        "pitch": 1,
        "weight": 3
      }
    ],
    "category": "player"
  }
}