{
    "parent": "item/handheld",
    "textures": {
        "layer0": "halb/wood_pickaxe/item (2)"
    },
"display": {
        "thirdperson_righthand": {
            "rotation": [ 90, 90, 55 ],
            "translation": [ 0, 4.0, 0.5 ],
            "scale": [ 0.7, 0.7, 0.7 ]
        },
        "thirdperson_lefthand": {
            "rotation": [ 90, -90, -55 ],
            "translation": [ 0, 4.0, 0.5 ],
            "scale": [ 0.7, 0.7, 0.7 ]
        },
        "firstperson_righthand": {
            "rotation": [ 90, 90, -25 ],
            "translation": [ 1.13, 3.2, 1.13 ],
            "scale": [ 0.7, 0.7, 0.7 ]
        },
        "firstperson_lefthand": {
            "rotation": [ 90, -90, 25 ],
            "translation": [ 1.13, 3.2, 1.13 ],
            "scale": [ 0.7, 0.7, 0.7 ]
        }
}
}
