{
  "parent": "item/handheld",
  "textures": {
    "layer0": "items/diamond_pickaxe"
  },
  "overrides": [
    {"predicate": {"damaged": 0, "damage": 0.000640204865557}, "model": "item/custom/ak47"},
    {"predicate": {"damaged": 0, "damage": 0.00128040973111}, "model": "item/custom/sniperrifle"},
    {"predicate": {"damaged": 0, "damage": 0.00192061459667}, "model": "item/custom/deserteagle"},
    {"predicate": {"damaged": 0, "damage": 0.00256081946223}, "model": "item/custom/shotgun"},
    {"predicate": {"damaged": 0, "damage": 0.00320102432778}, "model": "item/custom/rpg"},
    {"predicate": {"damaged": 0, "damage": 0.00384122919334}, "model": "item/custom/flashbang"},
    {"predicate": {"damaged": 0, "damage": 0.0044814340589}, "model": "item/custom/remote"},
    {"predicate": {"damaged": 0, "damage": 0.00512163892446}, "model": "item/custom/incendiary"},
    {"predicate": {"damaged": 0, "damage": 0.00576184379001}, "model": "item/custom/rpgshell"},
    {"predicate": {"damaged": 0, "damage": 0.00640204865557}, "model": "item/custom/model3"},
    {"predicate": {"damaged": 0, "damage": 0.00704225352113}, "model": "item/custom/ferrari"},
    {"predicate": {"damaged": 0, "damage": 0.00768245838668}, "model": "item/custom/train"},
    {"predicate": {"damaged": 0, "damage": 0.00832266325224}, "model": "item/custom/model3_white"},
    {"predicate": {"damaged": 0, "damage": 0.0089628681178}, "model": "item/custom/model3_silver"},
    {"predicate": {"damaged": 0, "damage": 0.00960307298335}, "model": "item/custom/model3_black"},
    {"predicate": {"damaged": 0, "damage": 0.0102432778489}, "model": "item/custom/model3_red"},
    {"predicate": {"damaged": 0, "damage": 0.0108834827145}, "model": "item/custom/ak47"},
    {"predicate": {"damaged": 0, "damage": 0.01152368758}, "model": "item/custom/ak47"},
    {"predicate": {"damaged": 0, "damage": 0.0121638924456}, "model": "item/custom/ak47"},
    {"predicate": {"damaged": 0, "damage": 0.0128040973111}, "model": "item/custom/ak47"},
    {"predicate": {"damaged": 0, "damage": 0.0134443021767}, "model": "item/custom/ak47"},
    {"predicate": {"damaged": 0, "damage": 0.0140845070423}, "model": "item/custom/ak47"},
    {"predicate": {"damaged": 0, "damage": 0.0147247119078}, "model": "item/custom/ak47"},
    {"predicate": {"damaged": 0, "damage": 0.0153649167734}, "model": "item/custom/ak47"},
    {"predicate": {"damaged": 0, "damage": 0.0160051216389}, "model": "item/custom/ak47"},
    {"predicate": {"damaged": 0, "damage": 0.0166453265045}, "model": "item/custom/ak47"},
    {"predicate": {"damaged": 0, "damage": 0.01728553137}, "model": "item/custom/ak47"},
    {"predicate": {"damaged": 0, "damage": 0.0179257362356}, "model": "item/custom/ak47"},
    {"predicate": {"damaged": 0, "damage": 0.0185659411012}, "model": "item/custom/ak47"},
    {"predicate": {"damaged": 0, "damage": 0.0192061459667}, "model": "item/custom/ak47"},
    {"predicate": {"damaged": 0, "damage": 0.0198463508323}, "model": "item/custom/ak47"},
    {"predicate": {"damaged": 0, "damage": 0.0204865556978}, "model": "item/custom/ak47"},
    {"predicate": {"damaged": 0, "damage": 0.0211267605634}, "model": "item/custom/ak47"},
    {"predicate": {"damaged": 0, "damage": 0.0217669654289}, "model": "item/custom/ak47"},
    {"predicate": {"damaged": 0, "damage": 0.0224071702945}, "model": "item/custom/ak47"},
    {"predicate": {"damaged": 0, "damage": 0.0230473751601}, "model": "item/custom/ak47"},
    {"predicate": {"damaged": 0, "damage": 0.0236875800256}, "model": "item/custom/ak47"},
    {"predicate": {"damaged": 0, "damage": 0.0243277848912}, "model": "item/custom/ak47"},
    {"predicate": {"damaged": 0, "damage": 0.0249679897567}, "model": "item/custom/ak47"},
    {"predicate": {"damaged": 0, "damage": 0.0256081946223}, "model": "item/custom/ak47"},
    {"predicate": {"damaged": 0, "damage": 0.0262483994878}, "model": "item/custom/ak47"},
    {"predicate": {"damaged": 0, "damage": 0.0268886043534}, "model": "item/custom/ak47"},
    {"predicate": {"damaged": 0, "damage": 0.027528809219}, "model": "item/custom/ak47"},
    {"predicate": {"damaged": 0, "damage": 0.0281690140845}, "model": "item/custom/ak47"},
    {"predicate": {"damaged": 0, "damage": 0.0288092189501}, "model": "item/custom/ak47"},
    {"predicate": {"damaged": 0, "damage": 0.0294494238156}, "model": "item/custom/ak47"},
    {"predicate": {"damaged": 0, "damage": 0.0300896286812}, "model": "item/custom/ak47"},
    {"predicate": {"damaged": 0, "damage": 0.0307298335467}, "model": "item/custom/ak47"},
    {"predicate": {"damaged": 0, "damage": 0.0313700384123}, "model": "item/custom/ak47"},
    {"predicate": {"damaged": 0, "damage": 0.0320102432778}, "model": "item/custom/ak47"},
    {"predicate": {"damaged": 0, "damage": 0.0326504481434}, "model": "item/custom/ak47"},
    {"predicate": {"damaged": 0, "damage": 0.033290653009}, "model": "item/custom/ak47"},
    {"predicate": {"damaged": 0, "damage": 0.0339308578745}, "model": "item/custom/ak47"},
    {"predicate": {"damaged": 0, "damage": 0.0345710627401}, "model": "item/custom/ak47"},
    {"predicate": {"damaged": 0, "damage": 0.0352112676056}, "model": "item/custom/ak47"},
    {"predicate": {"damaged": 0, "damage": 0.0358514724712}, "model": "item/custom/ak47"},
    {"predicate": {"damaged": 0, "damage": 0.0364916773367}, "model": "item/custom/ak47"},
    {"predicate": {"damaged": 0, "damage": 0.0371318822023}, "model": "item/custom/ak47"},
    {"predicate": {"damaged": 0, "damage": 0.0377720870679}, "model": "item/custom/ak47"},
    {"predicate": {"damaged": 0, "damage": 0.0384122919334}, "model": "item/custom/ak47"},
    {"predicate": {"damaged": 0, "damage": 0.039052496799}, "model": "item/custom/ak47"},
    {"predicate": {"damaged": 0, "damage": 0.0396927016645}, "model": "item/custom/ak47"},
    {"predicate": {"damaged": 0, "damage": 0.0403329065301}, "model": "item/custom/ak47"},
    {"predicate": {"damaged": 0, "damage": 0.0409731113956}, "model": "item/custom/ak47"},
    {"predicate": {"damaged": 0, "damage": 0.0416133162612}, "model": "item/custom/ak47"},
    {"predicate": {"damaged": 0, "damage": 0.0422535211268}, "model": "item/custom/ak47"},
    {"predicate": {"damaged": 0, "damage": 0.0428937259923}, "model": "item/custom/ak47"},
    {"predicate": {"damaged": 0, "damage": 0.0435339308579}, "model": "item/custom/ak47"},
    {"predicate": {"damaged": 0, "damage": 0.0441741357234}, "model": "item/custom/ak47"},
    {"predicate": {"damaged": 0, "damage": 0.044814340589}, "model": "item/custom/ak47"},
    {"predicate": {"damaged": 0, "damage": 0.0454545454545}, "model": "item/custom/ak47"},
    {"predicate": {"damaged": 0, "damage": 0.0460947503201}, "model": "item/custom/ak47"},
    {"predicate": {"damaged": 0, "damage": 0.0467349551857}, "model": "item/custom/ak47"},
    {"predicate": {"damaged": 0, "damage": 0.0473751600512}, "model": "item/custom/ak47"},
    {"predicate": {"damaged": 0, "damage": 0.0480153649168}, "model": "item/custom/ak47"},
    {"predicate": {"damaged": 0, "damage": 0.0486555697823}, "model": "item/custom/ak47"},
    {"predicate": {"damaged": 0, "damage": 0.0492957746479}, "model": "item/custom/ak47"},
    {"predicate": {"damaged": 0, "damage": 0.0499359795134}, "model": "item/custom/ak47"},
    {"predicate": {"damaged": 0, "damage": 0.050576184379}, "model": "item/custom/ak47"},
    {"predicate": {"damaged": 0, "damage": 0.0512163892446}, "model": "item/custom/ak47"},
    {"predicate": {"damaged": 0, "damage": 0.0518565941101}, "model": "item/custom/ak47"},
    {"predicate": {"damaged": 0, "damage": 0.0524967989757}, "model": "item/custom/ak47"},
    {"predicate": {"damaged": 0, "damage": 0.0531370038412}, "model": "item/custom/ak47"},
    {"predicate": {"damaged": 0, "damage": 0.0537772087068}, "model": "item/custom/ak47"},
    {"predicate": {"damaged": 0, "damage": 0.0544174135723}, "model": "item/custom/ak47"},
    {"predicate": {"damaged": 0, "damage": 0.0550576184379}, "model": "item/custom/ak47"},
    {"predicate": {"damaged": 0, "damage": 0.0556978233035}, "model": "item/custom/ak47"},
    {"predicate": {"damaged": 0, "damage": 0.056338028169}, "model": "item/custom/ak47"},
    {"predicate": {"damaged": 0, "damage": 0.0569782330346}, "model": "item/custom/ak47"},
    {"predicate": {"damaged": 0, "damage": 0.0576184379001}, "model": "item/custom/ak47"},
    {"predicate": {"damaged": 0, "damage": 0.0582586427657}, "model": "item/custom/ak47"},
    {"predicate": {"damaged": 0, "damage": 0.0588988476312}, "model": "item/custom/ak47"},
    {"predicate": {"damaged": 0, "damage": 0.0595390524968}, "model": "item/custom/ak47"},
    {"predicate": {"damaged": 0, "damage": 0.0601792573624}, "model": "item/custom/ak47"},
    {"predicate": {"damaged": 0, "damage": 0.0608194622279}, "model": "item/custom/ak47"},
    {"predicate": {"damaged": 0, "damage": 0.0614596670935}, "model": "item/custom/ak47"},
    {"predicate": {"damaged": 0, "damage": 0.062099871959}, "model": "item/custom/ak47"},
    {"predicate": {"damaged": 0, "damage": 0.0627400768246}, "model": "item/custom/ak47"},
    {"predicate": {"damaged": 0, "damage": 0.0633802816901}, "model": "item/custom/ak47"},
    {"predicate": {"damaged": 0, "damage": 0.0640204865557}, "model": "item/custom/ak47"},
    {"predicate": {"damaged": 0, "damage": 0.0646606914213}, "model": "item/custom/ak47"},
    {"predicate": {"damaged": 0, "damage": 0.0653008962868}, "model": "item/custom/ak47"},
    {"predicate": {"damaged": 0, "damage": 0.0659411011524}, "model": "item/custom/ak47"},
    {"predicate": {"damaged": 0, "damage": 0.0665813060179}, "model": "item/custom/ak47"},
    {"predicate": {"damaged": 0, "damage": 0.0672215108835}, "model": "item/custom/ak47"},
    {"predicate": {"damaged": 0, "damage": 0.067861715749}, "model": "item/custom/ak47"},
    {"predicate": {"damaged": 0, "damage": 0.0685019206146}, "model": "item/custom/ak47"},
    {"predicate": {"damaged": 0, "damage": 0.0691421254802}, "model": "item/custom/ak47"},
    {"predicate": {"damaged": 0, "damage": 0.0697823303457}, "model": "item/custom/ak47"},
    {"predicate": {"damaged": 0, "damage": 0.0704225352113}, "model": "item/custom/ak47"},
    {"predicate": {"damaged": 0, "damage": 0.0710627400768}, "model": "item/custom/ak47"},
    {"predicate": {"damaged": 0, "damage": 0.0717029449424}, "model": "item/custom/ak47"},
    {"predicate": {"damaged": 0, "damage": 0.0723431498079}, "model": "item/custom/ak47"},
    {"predicate": {"damaged": 0, "damage": 0.0729833546735}, "model": "item/custom/ak47"},
    {"predicate": {"damaged": 0, "damage": 0.0736235595391}, "model": "item/custom/ak47"},
    {"predicate": {"damaged": 0, "damage": 0.0742637644046}, "model": "item/custom/ak47"},
    {"predicate": {"damaged": 0, "damage": 0.0749039692702}, "model": "item/custom/ak47"},
    {"predicate": {"damaged": 0, "damage": 0.0755441741357}, "model": "item/custom/ak47"},
    {"predicate": {"damaged": 0, "damage": 0.0761843790013}, "model": "item/custom/ak47"},
    {"predicate": {"damaged": 0, "damage": 0.0768245838668}, "model": "item/custom/ak47"},
    {"predicate": {"damaged": 0, "damage": 0.0774647887324}, "model": "item/custom/ak47"},
    {"predicate": {"damaged": 0, "damage": 0.078104993598}, "model": "item/custom/ak47"},
    {"predicate": {"damaged": 0, "damage": 0.0787451984635}, "model": "item/custom/ak47"},
    {"predicate": {"damaged": 0, "damage": 0.0793854033291}, "model": "item/custom/ak47"},
    {"predicate": {"damaged": 0, "damage": 0.0800256081946}, "model": "item/custom/ak47"},
    {"predicate": {"damaged": 0, "damage": 0.0806658130602}, "model": "item/custom/ak47"},
    {"predicate": {"damaged": 0, "damage": 0.0813060179257}, "model": "item/custom/ak47"},
    {"predicate": {"damaged": 0, "damage": 0.0819462227913}, "model": "item/custom/ak47"},
    {"predicate": {"damaged": 0, "damage": 0.0825864276569}, "model": "item/custom/ak47"},
    {"predicate": {"damaged": 0, "damage": 0.0832266325224}, "model": "item/custom/ak47"},
    {"predicate": {"damaged": 0, "damage": 0.083866837388}, "model": "item/custom/ak47"},
    {"predicate": {"damaged": 0, "damage": 0.0845070422535}, "model": "item/custom/ak47"},
    {"predicate": {"damaged": 0, "damage": 0.0851472471191}, "model": "item/custom/ak47"},
    {"predicate": {"damaged": 0, "damage": 0.0857874519846}, "model": "item/custom/ak47"},
    {"predicate": {"damaged": 0, "damage": 0.0864276568502}, "model": "item/custom/ak47"},
    {"predicate": {"damaged": 0, "damage": 0.0870678617157}, "model": "item/custom/ak47"},
    {"predicate": {"damaged": 0, "damage": 0.0877080665813}, "model": "item/custom/ak47"},
    {"predicate": {"damaged": 0, "damage": 0.0883482714469}, "model": "item/custom/ak47"},
    {"predicate": {"damaged": 0, "damage": 0.0889884763124}, "model": "item/custom/ak47"},
    {"predicate": {"damaged": 0, "damage": 0.089628681178}, "model": "item/custom/ak47"},
    {"predicate": {"damaged": 0, "damage": 0.0902688860435}, "model": "item/custom/ak47"},
    {"predicate": {"damaged": 0, "damage": 0.0909090909091}, "model": "item/custom/ak47"},
    {"predicate": {"damaged": 0, "damage": 0.0915492957746}, "model": "item/custom/ak47"},
    {"predicate": {"damaged": 0, "damage": 0.0921895006402}, "model": "item/custom/ak47"},
    {"predicate": {"damaged": 0, "damage": 0.0928297055058}, "model": "item/custom/ak47"},
    {"predicate": {"damaged": 0, "damage": 0.0934699103713}, "model": "item/custom/ak47"},
    {"predicate": {"damaged": 0, "damage": 0.0941101152369}, "model": "item/custom/ak47"},
    {"predicate": {"damaged": 0, "damage": 0.0947503201024}, "model": "item/custom/ak47"},
    {"predicate": {"damaged": 0, "damage": 0.095390524968}, "model": "item/custom/ak47"},
    {"predicate": {"damaged": 0, "damage": 0.0960307298335}, "model": "item/custom/ak47"},
    {"predicate": {"damaged": 0, "damage": 0.0966709346991}, "model": "item/custom/ak47"},
    {"predicate": {"damaged": 0, "damage": 0.0973111395647}, "model": "item/custom/ak47"},
    {"predicate": {"damaged": 0, "damage": 0.0979513444302}, "model": "item/custom/ak47"},
    {"predicate": {"damaged": 0, "damage": 0.0985915492958}, "model": "item/custom/ak47"},
    {"predicate": {"damaged": 0, "damage": 0.0992317541613}, "model": "item/custom/ak47"},
    {"predicate": {"damaged": 0, "damage": 0.0998719590269}, "model": "item/custom/ak47"},
    {"predicate": {"damaged": 0, "damage": 0.100512163892}, "model": "item/custom/ak47"},
    {"predicate": {"damaged": 0, "damage": 0.101152368758}, "model": "item/custom/ak47"},
    {"predicate": {"damaged": 0, "damage": 0.101792573624}, "model": "item/custom/ak47"},
    {"predicate": {"damaged": 0, "damage": 0.102432778489}, "model": "item/custom/ak47"},
    {"predicate": {"damaged": 0, "damage": 0.103072983355}, "model": "item/custom/ak47"},
    {"predicate": {"damaged": 0, "damage": 0.10371318822}, "model": "item/custom/ak47"},
    {"predicate": {"damaged": 0, "damage": 0.104353393086}, "model": "item/custom/ak47"},
    {"predicate": {"damaged": 0, "damage": 0.104993597951}, "model": "item/custom/ak47"},
    {"predicate": {"damaged": 0, "damage": 0.105633802817}, "model": "item/custom/ak47"},
    {"predicate": {"damaged": 0, "damage": 0.106274007682}, "model": "item/custom/ak47"},
    {"predicate": {"damaged": 0, "damage": 0.106914212548}, "model": "item/custom/ak47"},
    {"predicate": {"damaged": 0, "damage": 0.107554417414}, "model": "item/custom/ak47"},
    {"predicate": {"damaged": 0, "damage": 0.108194622279}, "model": "item/custom/ak47"},
    {"predicate": {"damaged": 0, "damage": 0.108834827145}, "model": "item/custom/ak47"},
    {"predicate": {"damaged": 0, "damage": 0.10947503201}, "model": "item/custom/ak47"},
    {"predicate": {"damaged": 0, "damage": 0.110115236876}, "model": "item/custom/ak47"},
    {"predicate": {"damaged": 0, "damage": 0.110755441741}, "model": "item/custom/ak47"},
    {"predicate": {"damaged": 0, "damage": 0.111395646607}, "model": "item/custom/ak47"},
    {"predicate": {"damaged": 0, "damage": 0.112035851472}, "model": "item/custom/ak47"},
    {"predicate": {"damaged": 0, "damage": 0.112676056338}, "model": "item/custom/ak47"},
    {"predicate": {"damaged": 0, "damage": 0.113316261204}, "model": "item/custom/ak47"},
    {"predicate": {"damaged": 0, "damage": 0.113956466069}, "model": "item/custom/ak47"},
    {"predicate": {"damaged": 0, "damage": 0.114596670935}, "model": "item/custom/ak47"},
    {"predicate": {"damaged": 0, "damage": 0.1152368758}, "model": "item/custom/ak47"},
    {"predicate": {"damaged": 0, "damage": 0.115877080666}, "model": "item/custom/ak47"},
    {"predicate": {"damaged": 0, "damage": 0.116517285531}, "model": "item/custom/ak47"},
    {"predicate": {"damaged": 0, "damage": 0.117157490397}, "model": "item/custom/ak47"},
    {"predicate": {"damaged": 0, "damage": 0.117797695262}, "model": "item/custom/ak47"},
    {"predicate": {"damaged": 0, "damage": 0.118437900128}, "model": "item/custom/ak47"},
    {"predicate": {"damaged": 0, "damage": 0.119078104994}, "model": "item/custom/ak47"},
    {"predicate": {"damaged": 0, "damage": 0.119718309859}, "model": "item/custom/ak47"},
    {"predicate": {"damaged": 0, "damage": 0.120358514725}, "model": "item/custom/ak47"},
    {"predicate": {"damaged": 0, "damage": 0.12099871959}, "model": "item/custom/ak47"},
    {"predicate": {"damaged": 0, "damage": 0.121638924456}, "model": "item/custom/ak47"},
    {"predicate": {"damaged": 0, "damage": 0.122279129321}, "model": "item/custom/ak47"},
    {"predicate": {"damaged": 0, "damage": 0.122919334187}, "model": "item/custom/ak47"},
    {"predicate": {"damaged": 0, "damage": 0.123559539052}, "model": "item/custom/ak47"},
    {"predicate": {"damaged": 0, "damage": 0.124199743918}, "model": "item/custom/ak47"},
    {"predicate": {"damaged": 0, "damage": 0.124839948784}, "model": "item/custom/ak47"},
    {"predicate": {"damaged": 0, "damage": 0.125480153649}, "model": "item/custom/ak47"},
    {"predicate": {"damaged": 0, "damage": 0.126120358515}, "model": "item/custom/ak47"},
    {"predicate": {"damaged": 0, "damage": 0.12676056338}, "model": "item/custom/ak47"},
    {"predicate": {"damaged": 0, "damage": 0.127400768246}, "model": "item/custom/ak47"},
    {"predicate": {"damaged": 0, "damage": 0.128040973111}, "model": "item/custom/ak47"},
    {"predicate": {"damaged": 0, "damage": 0.128681177977}, "model": "item/custom/ak47"},
    {"predicate": {"damaged": 0, "damage": 0.129321382843}, "model": "item/custom/ak47"},
    {"predicate": {"damaged": 0, "damage": 0.129961587708}, "model": "item/custom/ak47"},
    {"predicate": {"damaged": 0, "damage": 0.13060179257362}, "model": "item/custom/ak47"},
    {"predicate": {"damaged": 0, "damage": 0.131241997439}, "model": "item/custom/ak47"},
    {"predicate": {"damaged": 0, "damage": 0.131882202305}, "model": "item/custom/ak47"},
    {"predicate": {"damaged": 0, "damage": 0.13252240717}, "model": "item/custom/ak47"},
    {"predicate": {"damaged": 0, "damage": 0.133162612036}, "model": "item/custom/ak47"},
    {"predicate": {"damaged": 0, "damage": 0.133802816901}, "model": "item/custom/ak47"},
    {"predicate": {"damaged": 0, "damage": 0.134443021767}, "model": "item/custom/ak47"},
    {"predicate": {"damaged": 0, "damage": 0.135083226633}, "model": "item/custom/ak47"},
    {"predicate": {"damaged": 0, "damage": 0.135723431498}, "model": "item/custom/ak47"},
    {"predicate": {"damaged": 0, "damage": 0.136363636364}, "model": "item/custom/ak47"},
    {"predicate": {"damaged": 0, "damage": 0.137003841229}, "model": "item/custom/ak47"},
    {"predicate": {"damaged": 0, "damage": 0.137644046095}, "model": "item/custom/ak47"},
    {"predicate": {"damaged": 0, "damage": 0.13828425096}, "model": "item/custom/ak47"},
    {"predicate": {"damaged": 0, "damage": 0.138924455826}, "model": "item/custom/ak47"},
    {"predicate": {"damaged": 0, "damage": 0.139564660691}, "model": "item/custom/ak47"},
    {"predicate": {"damaged": 0, "damage": 0.140204865557}, "model": "item/custom/ak47"},
    {"predicate": {"damaged": 0, "damage": 0.140845070423}, "model": "item/custom/ak47"},
    {"predicate": {"damaged": 0, "damage": 0.141485275288}, "model": "item/custom/ak47"},
    {"predicate": {"damaged": 0, "damage": 0.142125480154}, "model": "item/custom/ak47"},
    {"predicate": {"damaged": 0, "damage": 0.142765685019}, "model": "item/custom/ak47"},
    {"predicate": {"damaged": 0, "damage": 0.143405889885}, "model": "item/custom/ak47"},
    {"predicate": {"damaged": 0, "damage": 0.14404609475}, "model": "item/custom/ak47"},
    {"predicate": {"damaged": 0, "damage": 0.144686299615877}, "model": "item/custom/ak47"},
    {"predicate": {"damaged": 0, "damage": 0.145326504481434}, "model": "item/custom/ak47"},
    {"predicate": {"damaged": 0, "damage": 0.145966709346991}, "model": "item/custom/ak47"},
    {"predicate": {"damaged": 0, "damage": 0.146606914212548}, "model": "item/custom/ak47"},
    {"predicate": {"damaged": 0, "damage": 0.147247119078105}, "model": "item/custom/ak47"},
    {"predicate": {"damaged": 0, "damage": 0.147887323943662}, "model": "item/custom/ak47"},
    {"predicate": {"damaged": 0, "damage": 0.148527528809219}, "model": "item/custom/ak47"},
    {"predicate": {"damaged": 1, "damage": 0}, "model": "item/diamond_pickaxe"}
  ]
}