{
    "parent": "item/handheld",
    "textures": {
        "layer0": "items/gold_sword"
    },
    "overrides": [
        {"predicate": {"damaged": 0, "damage": 0.03030303030303}, "model": "item/custom/sword_master"},
        {"predicate": {"damaged": 0, "damage": 0.06060606060606}, "model": "item/saber/lightsaber_green"},
        {"predicate": {"damaged": 0, "damage": 0.09090909090909}, "model": "item/saber/lightsaber_blue"},
        {"predicate": {"damaged": 0, "damage": 0.12121212121212}, "model": "item/saber/lightsaber_red"},
        {"predicate": {"damaged": 0, "damage": 0.15151515151515152}, "model": "item/saber/lightsaber_orange"},
        {"predicate": {"damaged": 0, "damage": 0.18181818181818182}, "model": "item/saber/lightsaber_purple"},
        {"predicate": {"damaged": 0, "damage": 0.21212121212121213}, "model": "item/custom/emerald_sword"},
        
        {"predicate": {"damaged": 1, "damage": 0}, "model": "item/golden_sword"}
    ]
}
