{

    "parent": "item/generated",

    "display": {

        "thirdperson_righthand": {

            "rotation": [ 0, -90, 55 ],

            "translation": [ 0, 4.0, 0.5 ],

            "scale": [ 3.4, 3.4, 1.7 ]

        },

        "thirdperson_lefthand": {

            "rotation": [ 0, 90, -55 ],

            "translation": [ 0, 4.0, 0.5 ],

            "scale": [ 3.4, 3.4, 1.7 ]

        },

        "firstperson_righthand": {

            "rotation": [ 0, -90, 25 ],

            "translation": [ 1.13, 3.2, 1.13 ],

            "scale": [ 2.72, 2.72, 1.36 ]

        },

        "firstperson_lefthand": {

            "rotation": [ 0, 90, -25 ],

            "translation": [ 1.13, 3.2, 1.13 ],

            "scale": [ 2.72, 2.72, 1.36 ]

        }
,
        "ground": {
            "rotation": [ 0, 0, 0 ],
            "translation": [ 0, 0, 0 ],
            "scale": [ 2.0, 2.0, 1.0 ]
        },
        "fixed": {
            "rotation": [ 0, 0, 0 ],
            "translation": [ 0, 0, 0 ],
            "scale": [ 4.0, 4.0, 2.0 ]
        },
        "gui": {
            "rotation": [ 0, 0, 0 ],
            "translation": [ 0, 0, 0 ],
            "scale": [ 4.0, 4.0, 2.0 ]
        }
    }

}
