{
"__comment": "Designed by Droobledore - with BDcraft Cubik PRO 0.96 Beta. Used with permission in NathanWolf's Magic plugin.",
"ambientocclusion": false,
"textures": {
    "no": "items/the_cooking"
},
"elements": [ 
{
    "__comment": "Icon",
    "from": [ 0, 0, 8 ],
    "to": [ 16, 16, 9 ],
    "faces": {
        "down":  { "uv": [ 16, 0, 0, 0 ], "texture": "#texture" },
        "up":    { "uv": [ 0, 0, 16, 0 ], "texture": "#texture" },
        "north": { "uv": [ 0, 0, 16, 16 ], "texture": "#texture" },
        "south": { "uv": [ 0, 0, 16, 16 ], "texture": "#texture" },
        "west":  { "uv": [ 0, 0, 0, 16 ], "texture": "#texture" },
        "east":  { "uv": [ 0, 0, 0, 16 ], "texture": "#texture" }
    }
},
    {
        "__comment": "Icon2",
        "from": [ 0, 0, 7 ],
        "to": [ 16, 16, 8 ],
        "faces": {
            "down":  { "uv": [ 16, 0, 0, 0 ], "texture": "#no" },
            "up":    { "uv": [ 0, 0, 16, 0 ], "texture": "#no" },
            "north": { "uv": [ 0, 0, 16, 16 ], "texture": "#no" },
            "south": { "uv": [ 0, 0, 16, 16 ], "texture": "#no" },
            "west":  { "uv": [ 0, 0, 0, 16 ], "texture": "#no" },
            "east":  { "uv": [ 0, 0, 0, 16 ], "texture": "#no" }
    }
},
    {
        "__comment": "nope",
        "from": [ 0, 0, 9 ],
        "to": [ 16, 16, 10 ],
        "faces": {
            "down":  { "uv": [ 16, 0, 0, 0 ], "texture": "#no" },
            "up":    { "uv": [ 0, 0, 16, 0 ], "texture": "#no" },
            "north": { "uv": [ 0, 0, 16, 16 ], "texture": "#no" },
            "south": { "uv": [ 0, 0, 16, 16 ], "texture": "#no" },
            "west":  { "uv": [ 0, 0, 0, 16 ], "texture": "#no" },
            "east":  { "uv": [ 0, 0, 0, 16 ], "texture": "#no" }
        }
    }
],
"display": {
    "thirdperson_righthand": {
        "rotation": [ 0, 0, 0 ],
        "translation": [ 0, 0, 0 ],
        "scale": [ 0.5, 0.5, 0.5 ]
    },
    "thirdperson_lefthand": {
        "rotation": [ 0, 0, 0 ],
        "translation": [ 0, 0, 0 ],
        "scale": [ 0.5, 0.5, 0.5 ]
    },
    "head": {
        "rotation": [ 0, 0, 0 ],
        "translation": [ 0, 12, 0 ],
        "scale": [ 0.7, 0.7, 0.7 ]
    },
    "ground": {
        "rotation": [ 0, 0, 0 ],
        "translation": [ 0, 3, 0 ],
        "scale": [ 0.5, 0.5, 0.5 ]
    },
    "fixed": {
        "rotation": [ 0, 0, 0 ],
        "translation": [ 0, 0, -0.57 ],
        "scale": [ 1, 1, 1 ]
    },
    "firstperson_righthand": {
        "rotation": [ 0, 0, 0 ],
        "translation": [ 0, 0, 0 ],
        "scale": [ 0.5, 0.5, 0.5 ]
    },
    "firstperson_lefthand": {
        "rotation": [ 0, 0, 0 ],
        "translation": [ 0, 0, 0 ],
        "scale": [ 0.5, 0.5, 0.5 ]
    },
    "gui": {
        "rotation": [ 0, 0, 0 ],
        "translation": [ 0, 0, 0 ],
        "scale": [ 1, 1, 1 ]
    }
}
}