{
    "parent": "item/handheld",
    "textures": {
        "layer0": "items/iron_axe"
    },
	"overrides": [
		{"predicate": {"damaged": 0, "damage": 0.004}, "model": "halb/hoe/no0568"},
		{"predicate": {"damaged": 0, "damage": 0.008}, "model": "halb/hoe/no0464"},
		{"predicate": {"damaged": 0, "damage": 0.012}, "model": "halb/hoe/no0569"},
		{"predicate": {"damaged": 0, "damage": 0.016}, "model": "halb/hoe/no0438"},
		{"predicate": {"damaged": 0, "damage": 0.02}, "model": "halb/hoe/no0587"},
		{"predicate": {"damaged": 0, "damage": 0.024}, "model": "halb/hoe/no0625"},
		{"predicate": {"damaged": 0, "damage": 0.028}, "model": "halb/hoe/no0383"},
		{"predicate": {"damaged": 0, "damage": 0.032}, "model": "halb/hoe/※8"},
		{"predicate": {"damaged": 0, "damage": 0.036}, "model": "halb/hoe/※9"},
		{"predicate": {"damaged": 0, "damage": 0.04}, "model": "halb/hoe/※10"},
		{"predicate": {"damaged": 0, "damage": 0.044}, "model": "halb/hoe/※11"},
		{"predicate": {"damaged": 0, "damage": 0.048}, "model": "halb/hoe/※12"},
		{"predicate": {"damaged": 0, "damage": 0.052}, "model": "halb/hoe/※13"},
		{"predicate": {"damaged": 0, "damage": 0.056}, "model": "halb/hoe/※14"},
		{"predicate": {"damaged": 0, "damage": 0.06}, "model": "halb/hoe/※15"},
		{"predicate": {"damaged": 0, "damage": 0.064}, "model": "halb/hoe/※16"},
		{"predicate": {"damaged": 0, "damage": 0.068}, "model": "halb/hoe/※17"},
		{"predicate": {"damaged": 0, "damage": 0.072}, "model": "halb/hoe/※18"},
		{"predicate": {"damaged": 0, "damage": 0.076}, "model": "halb/hoe/no0116"},
		{"predicate": {"damaged": 0, "damage": 0.08}, "model": "halb/hoe/※20"},
		{"predicate": {"damaged": 0, "damage": 0.084}, "model": "halb/hoe/※21"},
		{"predicate": {"damaged": 0, "damage": 0.088}, "model": "halb/hoe/※22"},
		{"predicate": {"damaged": 0, "damage": 0.092}, "model": "halb/hoe/※23"},
		{"predicate": {"damaged": 0, "damage": 0.096}, "model": "halb/hoe/※24"},
		{"predicate": {"damaged": 0, "damage": 0.1}, "model": "halb/hoe/※25"},
		{"predicate": {"damaged": 0, "damage": 0.104}, "model": "halb/hoe/※26"},
		{"predicate": {"damaged": 0, "damage": 0.108}, "model": "halb/hoe/※27"},
		{"predicate": {"damaged": 0, "damage": 0.112}, "model": "halb/hoe/※28"},
		{"predicate": {"damaged": 0, "damage": 0.116}, "model": "halb/hoe/※29"},
		{"predicate": {"damaged": 0, "damage": 0.12}, "model": "halb/hoe/※30"},
		{"predicate": {"damaged": 0, "damage": 0.124}, "model": "halb/hoe/※31"},
		{"predicate": {"damaged": 0, "damage": 0.128}, "model": "halb/hoe/※32"},
		{"predicate": {"damaged": 0, "damage": 0.132}, "model": "halb/hoe/※33"},
		{"predicate": {"damaged": 0, "damage": 0.136}, "model": "halb/hoe/※34"},
		{"predicate": {"damaged": 0, "damage": 0.14}, "model": "halb/hoe/※35"},
		{"predicate": {"damaged": 0, "damage": 0.144}, "model": "halb/hoe/※36"},
		{"predicate": {"damaged": 0, "damage": 0.148}, "model": "halb/hoe/※37"},
		{"predicate": {"damaged": 0, "damage": 0.152}, "model": "halb/hoe/※38"},
		{"predicate": {"damaged": 0, "damage": 0.156}, "model": "halb/hoe/※39"},
		{"predicate": {"damaged": 0, "damage": 0.16}, "model": "halb/hoe/※40"},
		{"predicate": {"damaged": 0, "damage": 0.164}, "model": "halb/hoe/no0229"},
		{"predicate": {"damaged": 0, "damage": 0.168}, "model": "halb/hoe/※42"},
		{"predicate": {"damaged": 0, "damage": 0.172}, "model": "halb/hoe/※43"},
		{"predicate": {"damaged": 0, "damage": 0.176}, "model": "halb/hoe/※44"},
		{"predicate": {"damaged": 0, "damage": 0.18}, "model": "halb/hoe/※45"},
		{"predicate": {"damaged": 0, "damage": 0.184}, "model": "halb/hoe/※46"},
		{"predicate": {"damaged": 0, "damage": 0.188}, "model": "halb/hoe/※47"},
		{"predicate": {"damaged": 0, "damage": 0.192}, "model": "halb/hoe/no0339"},
		{"predicate": {"damaged": 0, "damage": 0.196}, "model": "halb/hoe/※49"},
		{"predicate": {"damaged": 0, "damage": 0.2}, "model": "halb/hoe/※50"},
		{"predicate": {"damaged": 0, "damage": 0.204}, "model": "halb/hoe/※51"},
		{"predicate": {"damaged": 0, "damage": 0.208}, "model": "halb/hoe/※52"},
		{"predicate": {"damaged": 0, "damage": 0.212}, "model": "halb/hoe/※53"},
		{"predicate": {"damaged": 0, "damage": 0.216}, "model": "halb/hoe/※54"},
		{"predicate": {"damaged": 0, "damage": 0.22}, "model": "halb/hoe/※55"},
		{"predicate": {"damaged": 0, "damage": 0.224}, "model": "halb/hoe/※56"},
		{"predicate": {"damaged": 0, "damage": 0.228}, "model": "halb/hoe/※57"},
		{"predicate": {"damaged": 0, "damage": 0.232}, "model": "halb/hoe/※58"},
		{"predicate": {"damaged": 0, "damage": 0.236}, "model": "halb/hoe/※59"},
		{"predicate": {"damaged": 0, "damage": 0.24}, "model": "halb/hoe/※60"},
		{"predicate": {"damaged": 0, "damage": 0.244}, "model": "halb/hoe/※61"},
		{"predicate": {"damaged": 0, "damage": 0.248}, "model": "halb/hoe/※62"},
		{"predicate": {"damaged": 0, "damage": 0.252}, "model": "halb/hoe/no0129"},
		{"predicate": {"damaged": 0, "damage": 0.256}, "model": "halb/hoe/※64"},
		{"predicate": {"damaged": 0, "damage": 0.26}, "model": "halb/hoe/※65"},
		{"predicate": {"damaged": 0, "damage": 0.264}, "model": "halb/hoe/※66"},
		{"predicate": {"damaged": 0, "damage": 0.268}, "model": "halb/hoe/※67"},
		{"predicate": {"damaged": 0, "damage": 0.272}, "model": "halb/hoe/※68"},
		{"predicate": {"damaged": 0, "damage": 0.276}, "model": "halb/hoe/※69"},
		{"predicate": {"damaged": 0, "damage": 0.28}, "model": "halb/hoe/※70"},
		{"predicate": {"damaged": 0, "damage": 0.284}, "model": "halb/hoe/※71"},
		{"predicate": {"damaged": 0, "damage": 0.288}, "model": "halb/hoe/※72"},
		{"predicate": {"damaged": 0, "damage": 0.292}, "model": "halb/hoe/※73"},
		{"predicate": {"damaged": 0, "damage": 0.296}, "model": "halb/hoe/※74"},
		{"predicate": {"damaged": 0, "damage": 0.3}, "model": "halb/hoe/※75"},
		{"predicate": {"damaged": 0, "damage": 0.304}, "model": "halb/hoe/※76"},
		{"predicate": {"damaged": 0, "damage": 0.308}, "model": "halb/hoe/※77"},
		{"predicate": {"damaged": 0, "damage": 0.312}, "model": "halb/hoe/※78"},
		{"predicate": {"damaged": 0, "damage": 0.316}, "model": "halb/hoe/※79"},
		{"predicate": {"damaged": 0, "damage": 0.32}, "model": "halb/hoe/※80"},
		{"predicate": {"damaged": 0, "damage": 0.324}, "model": "halb/hoe/※81"},
		{"predicate": {"damaged": 0, "damage": 0.328}, "model": "halb/hoe/※82"},
		{"predicate": {"damaged": 0, "damage": 0.332}, "model": "halb/hoe/※83"},
		{"predicate": {"damaged": 0, "damage": 0.336}, "model": "halb/hoe/※84"},
		{"predicate": {"damaged": 0, "damage": 0.34}, "model": "halb/hoe/※85"},
		{"predicate": {"damaged": 0, "damage": 0.344}, "model": "halb/hoe/※86"},
		{"predicate": {"damaged": 0, "damage": 0.348}, "model": "halb/hoe/※87"},
		{"predicate": {"damaged": 0, "damage": 0.352}, "model": "halb/hoe/※88"},
		{"predicate": {"damaged": 0, "damage": 0.356}, "model": "halb/hoe/※89"},
		{"predicate": {"damaged": 0, "damage": 0.36}, "model": "halb/hoe/※90"},
		{"predicate": {"damaged": 0, "damage": 0.364}, "model": "halb/hoe/※91"},
		{"predicate": {"damaged": 0, "damage": 0.368}, "model": "halb/hoe/※92"},
		{"predicate": {"damaged": 0, "damage": 0.372}, "model": "halb/hoe/※93"},
		{"predicate": {"damaged": 0, "damage": 0.376}, "model": "halb/hoe/※94"},
		{"predicate": {"damaged": 0, "damage": 0.38}, "model": "halb/hoe/※95"},
		{"predicate": {"damaged": 0, "damage": 0.384}, "model": "halb/hoe/※96"},
		{"predicate": {"damaged": 0, "damage": 0.388}, "model": "halb/hoe/※97"},
		{"predicate": {"damaged": 0, "damage": 0.392}, "model": "halb/hoe/※98"},
		{"predicate": {"damaged": 0, "damage": 0.396}, "model": "halb/hoe/※99"},
		{"predicate": {"damaged": 0, "damage": 0.4}, "model": "halb/hoe/※100"},
		{"predicate": {"damaged": 0, "damage": 0.404}, "model": "halb/hoe/※101"},
		{"predicate": {"damaged": 0, "damage": 0.408}, "model": "halb/hoe/※102"},
		{"predicate": {"damaged": 0, "damage": 0.412}, "model": "halb/hoe/※103"},
		{"predicate": {"damaged": 0, "damage": 0.416}, "model": "halb/hoe/※104"},
		{"predicate": {"damaged": 0, "damage": 0.42}, "model": "halb/hoe/※105"},
		{"predicate": {"damaged": 0, "damage": 0.424}, "model": "halb/hoe/※106"},
		{"predicate": {"damaged": 0, "damage": 0.428}, "model": "halb/hoe/※107"},
		{"predicate": {"damaged": 0, "damage": 0.432}, "model": "halb/hoe/no0133"},
		{"predicate": {"damaged": 0, "damage": 0.436}, "model": "halb/hoe/※109"},
		{"predicate": {"damaged": 0, "damage": 0.44}, "model": "halb/hoe/※110"},
		{"predicate": {"damaged": 0, "damage": 0.444}, "model": "halb/hoe/no0159"},
		{"predicate": {"damaged": 0, "damage": 0.448}, "model": "halb/hoe/※112"},
		{"predicate": {"damaged": 0, "damage": 0.452}, "model": "halb/hoe/※113"},
		{"predicate": {"damaged": 0, "damage": 0.456}, "model": "halb/hoe/※114"},
		{"predicate": {"damaged": 0, "damage": 0.46}, "model": "halb/hoe/※115"},
		{"predicate": {"damaged": 0, "damage": 0.464}, "model": "halb/hoe/※116"},
		{"predicate": {"damaged": 0, "damage": 0.468}, "model": "halb/hoe/※117"},
		{"predicate": {"damaged": 0, "damage": 0.472}, "model": "halb/hoe/※118"},
		{"predicate": {"damaged": 0, "damage": 0.476}, "model": "halb/hoe/※119"},
		{"predicate": {"damaged": 0, "damage": 0.48}, "model": "halb/hoe/※120"},
		{"predicate": {"damaged": 0, "damage": 0.484}, "model": "halb/hoe/※121"},
		{"predicate": {"damaged": 0, "damage": 0.488}, "model": "halb/hoe/※122"},
		{"predicate": {"damaged": 0, "damage": 0.492}, "model": "halb/hoe/※123"},
		{"predicate": {"damaged": 0, "damage": 0.496}, "model": "halb/hoe/※124"},
		{"predicate": {"damaged": 0, "damage": 0.5}, "model": "halb/hoe/※125"},
		{"predicate": {"damaged": 0, "damage": 0.504}, "model": "halb/hoe/※126"},
		{"predicate": {"damaged": 0, "damage": 0.508}, "model": "halb/hoe/※127"},
		{"predicate": {"damaged": 0, "damage": 0.512}, "model": "halb/hoe/※128"},
		{"predicate": {"damaged": 0, "damage": 0.516}, "model": "halb/hoe/※129"},
		{"predicate": {"damaged": 0, "damage": 0.52}, "model": "halb/hoe/※130"},
		{"predicate": {"damaged": 0, "damage": 0.524}, "model": "halb/hoe/※131"},
		{"predicate": {"damaged": 0, "damage": 0.528}, "model": "halb/hoe/※132"},
		{"predicate": {"damaged": 0, "damage": 0.532}, "model": "halb/hoe/※133"},
		{"predicate": {"damaged": 0, "damage": 0.536}, "model": "halb/hoe/※134"},
		{"predicate": {"damaged": 0, "damage": 0.54}, "model": "halb/hoe/※135"},
		{"predicate": {"damaged": 0, "damage": 0.544}, "model": "halb/hoe/※136"},
		{"predicate": {"damaged": 0, "damage": 0.548}, "model": "halb/hoe/※137"},
		{"predicate": {"damaged": 0, "damage": 0.552}, "model": "halb/hoe/※138"},
		{"predicate": {"damaged": 0, "damage": 0.556}, "model": "halb/hoe/※139"},
		{"predicate": {"damaged": 0, "damage": 0.56}, "model": "halb/hoe/※140"},
		{"predicate": {"damaged": 0, "damage": 0.564}, "model": "halb/hoe/※141"},
		{"predicate": {"damaged": 0, "damage": 0.568}, "model": "halb/hoe/※142"},
		{"predicate": {"damaged": 0, "damage": 0.572}, "model": "halb/hoe/※143"},
		{"predicate": {"damaged": 0, "damage": 0.576}, "model": "halb/hoe/※144"},
		{"predicate": {"damaged": 0, "damage": 0.58}, "model": "halb/hoe/※145"},
		{"predicate": {"damaged": 0, "damage": 0.584}, "model": "halb/hoe/※146"},
		{"predicate": {"damaged": 0, "damage": 0.588}, "model": "halb/hoe/※147"},
		{"predicate": {"damaged": 0, "damage": 0.592}, "model": "halb/hoe/※148"},
		{"predicate": {"damaged": 0, "damage": 0.596}, "model": "halb/hoe/※149"},
		{"predicate": {"damaged": 0, "damage": 0.6}, "model": "halb/hoe/※150"},
		{"predicate": {"damaged": 0, "damage": 0.604}, "model": "halb/hoe/※151"},
		{"predicate": {"damaged": 0, "damage": 0.608}, "model": "halb/hoe/※152"},
		{"predicate": {"damaged": 0, "damage": 0.612}, "model": "halb/hoe/※153"},
		{"predicate": {"damaged": 0, "damage": 0.616}, "model": "halb/hoe/※154"},
		{"predicate": {"damaged": 0, "damage": 0.62}, "model": "halb/hoe/※155"},
		{"predicate": {"damaged": 0, "damage": 0.624}, "model": "halb/hoe/※156"},
		{"predicate": {"damaged": 0, "damage": 0.628}, "model": "halb/hoe/※157"},
		{"predicate": {"damaged": 0, "damage": 0.632}, "model": "halb/hoe/※158"},
		{"predicate": {"damaged": 0, "damage": 0.636}, "model": "halb/hoe/※159"},
		{"predicate": {"damaged": 0, "damage": 0.64}, "model": "halb/hoe/※160"},
		{"predicate": {"damaged": 0, "damage": 0.644}, "model": "halb/hoe/※161"},
		{"predicate": {"damaged": 0, "damage": 0.648}, "model": "halb/hoe/※162"},
		{"predicate": {"damaged": 0, "damage": 0.652}, "model": "halb/hoe/※163"},
		{"predicate": {"damaged": 0, "damage": 0.656}, "model": "halb/hoe/※164"},
		{"predicate": {"damaged": 0, "damage": 0.66}, "model": "halb/hoe/※165"},
		{"predicate": {"damaged": 0, "damage": 0.664}, "model": "halb/hoe/※166"},
		{"predicate": {"damaged": 0, "damage": 0.668}, "model": "halb/hoe/※167"},
		{"predicate": {"damaged": 0, "damage": 0.672}, "model": "halb/hoe/※168"},
		{"predicate": {"damaged": 0, "damage": 0.676}, "model": "halb/hoe/※169"},
		{"predicate": {"damaged": 0, "damage": 0.68}, "model": "halb/hoe/※170"},
		{"predicate": {"damaged": 0, "damage": 0.684}, "model": "halb/hoe/※171"},
		{"predicate": {"damaged": 0, "damage": 0.688}, "model": "halb/hoe/※172"},
		{"predicate": {"damaged": 0, "damage": 0.692}, "model": "halb/hoe/※173"},
		{"predicate": {"damaged": 0, "damage": 0.696}, "model": "halb/hoe/※174"},
		{"predicate": {"damaged": 0, "damage": 0.7}, "model": "halb/hoe/※175"},
		{"predicate": {"damaged": 0, "damage": 0.704}, "model": "halb/hoe/※176"},
		{"predicate": {"damaged": 0, "damage": 0.708}, "model": "halb/hoe/※177"},
		{"predicate": {"damaged": 0, "damage": 0.712}, "model": "halb/hoe/※178"},
		{"predicate": {"damaged": 0, "damage": 0.716}, "model": "halb/hoe/※179"},
		{"predicate": {"damaged": 0, "damage": 0.72}, "model": "halb/hoe/※180"},
		{"predicate": {"damaged": 0, "damage": 0.724}, "model": "halb/hoe/※181"},
		{"predicate": {"damaged": 0, "damage": 0.728}, "model": "halb/hoe/※182"},
		{"predicate": {"damaged": 0, "damage": 0.732}, "model": "halb/hoe/※183"},
		{"predicate": {"damaged": 0, "damage": 0.736}, "model": "halb/hoe/※184"},
		{"predicate": {"damaged": 0, "damage": 0.74}, "model": "halb/hoe/※185"},
		{"predicate": {"damaged": 0, "damage": 0.744}, "model": "halb/hoe/※186"},
		{"predicate": {"damaged": 0, "damage": 0.748}, "model": "halb/hoe/※187"},
		{"predicate": {"damaged": 0, "damage": 0.752}, "model": "halb/hoe/※188"},
		{"predicate": {"damaged": 0, "damage": 0.756}, "model": "halb/hoe/※189"},
		{"predicate": {"damaged": 0, "damage": 0.76}, "model": "halb/hoe/※190"},
		{"predicate": {"damaged": 0, "damage": 0.764}, "model": "halb/hoe/※191"},
		{"predicate": {"damaged": 0, "damage": 0.768}, "model": "halb/hoe/※192"},
		{"predicate": {"damaged": 0, "damage": 0.772}, "model": "halb/hoe/※193"},
		{"predicate": {"damaged": 0, "damage": 0.776}, "model": "halb/hoe/※194"},
		{"predicate": {"damaged": 0, "damage": 0.78}, "model": "halb/hoe/※195"},
		{"predicate": {"damaged": 0, "damage": 0.784}, "model": "halb/hoe/※196"},
		{"predicate": {"damaged": 0, "damage": 0.788}, "model": "halb/hoe/※197"},
		{"predicate": {"damaged": 0, "damage": 0.792}, "model": "halb/hoe/※198"},
		{"predicate": {"damaged": 0, "damage": 0.796}, "model": "halb/hoe/※199"},
		{"predicate": {"damaged": 0, "damage": 0.8}, "model": "halb/hoe/※200"},
		{"predicate": {"damaged": 0, "damage": 0.804}, "model": "halb/hoe/※201"},
		{"predicate": {"damaged": 0, "damage": 0.808}, "model": "halb/hoe/※202"},
		{"predicate": {"damaged": 0, "damage": 0.812}, "model": "halb/hoe/※203"},
		{"predicate": {"damaged": 0, "damage": 0.816}, "model": "halb/hoe/※204"},
		{"predicate": {"damaged": 0, "damage": 0.82}, "model": "halb/hoe/※205"},
		{"predicate": {"damaged": 0, "damage": 0.824}, "model": "halb/hoe/※206"},
		{"predicate": {"damaged": 0, "damage": 0.828}, "model": "halb/hoe/※207"},
		{"predicate": {"damaged": 0, "damage": 0.832}, "model": "halb/hoe/※208"},
		{"predicate": {"damaged": 0, "damage": 0.836}, "model": "halb/hoe/※209"},
		{"predicate": {"damaged": 0, "damage": 0.84}, "model": "halb/hoe/※210"},
		{"predicate": {"damaged": 0, "damage": 0.844}, "model": "halb/hoe/※211"},
		{"predicate": {"damaged": 0, "damage": 0.848}, "model": "halb/hoe/※212"},
		{"predicate": {"damaged": 0, "damage": 0.852}, "model": "halb/hoe/※213"},
		{"predicate": {"damaged": 0, "damage": 0.856}, "model": "halb/hoe/※214"},
		{"predicate": {"damaged": 0, "damage": 0.86}, "model": "halb/hoe/※215"},
		{"predicate": {"damaged": 0, "damage": 0.864}, "model": "halb/hoe/※216"},
		{"predicate": {"damaged": 0, "damage": 0.868}, "model": "halb/hoe/※217"},
		{"predicate": {"damaged": 0, "damage": 0.872}, "model": "halb/hoe/※218"},
		{"predicate": {"damaged": 0, "damage": 0.876}, "model": "halb/hoe/※219"},
		{"predicate": {"damaged": 0, "damage": 0.88}, "model": "halb/hoe/※220"},
		{"predicate": {"damaged": 0, "damage": 0.884}, "model": "halb/hoe/※221"},
		{"predicate": {"damaged": 0, "damage": 0.888}, "model": "halb/hoe/※222"},
		{"predicate": {"damaged": 0, "damage": 0.892}, "model": "halb/hoe/※223"},
		{"predicate": {"damaged": 0, "damage": 0.896}, "model": "halb/hoe/※224"},
		{"predicate": {"damaged": 0, "damage": 0.9}, "model": "halb/hoe/※225"},
		{"predicate": {"damaged": 0, "damage": 0.904}, "model": "halb/hoe/※226"},
		{"predicate": {"damaged": 0, "damage": 0.908}, "model": "halb/hoe/※227"},
		{"predicate": {"damaged": 0, "damage": 0.912}, "model": "halb/hoe/※228"},
		{"predicate": {"damaged": 0, "damage": 0.916}, "model": "halb/hoe/※229"},
		{"predicate": {"damaged": 0, "damage": 0.92}, "model": "halb/hoe/※230"},
		{"predicate": {"damaged": 0, "damage": 0.924}, "model": "halb/hoe/※231"},
		{"predicate": {"damaged": 0, "damage": 0.928}, "model": "halb/hoe/※232"},
		{"predicate": {"damaged": 0, "damage": 0.932}, "model": "halb/hoe/※233"},
		{"predicate": {"damaged": 0, "damage": 0.936}, "model": "halb/hoe/※234"},
		{"predicate": {"damaged": 0, "damage": 0.94}, "model": "halb/hoe/※235"},
		{"predicate": {"damaged": 0, "damage": 0.944}, "model": "halb/hoe/※236"},
		{"predicate": {"damaged": 0, "damage": 0.948}, "model": "halb/hoe/※237"},
		{"predicate": {"damaged": 0, "damage": 0.952}, "model": "halb/hoe/※238"},
		{"predicate": {"damaged": 0, "damage": 0.956}, "model": "halb/hoe/※239"},
		{"predicate": {"damaged": 0, "damage": 0.96}, "model": "halb/hoe/※240"},
		{"predicate": {"damaged": 0, "damage": 0.964}, "model": "halb/hoe/※241"},
		{"predicate": {"damaged": 0, "damage": 0.968}, "model": "halb/hoe/※242"},
		{"predicate": {"damaged": 0, "damage": 0.972}, "model": "halb/hoe/※243"},
		{"predicate": {"damaged": 0, "damage": 0.976}, "model": "halb/hoe/※244"},
		{"predicate": {"damaged": 0, "damage": 0.98}, "model": "halb/hoe/※245"},
		{"predicate": {"damaged": 0, "damage": 0.984}, "model": "halb/hoe/※246"},
		{"predicate": {"damaged": 0, "damage": 0.988}, "model": "halb/hoe/※247"},
		{"predicate": {"damaged": 0, "damage": 0.992}, "model": "halb/hoe/※248"},
		{"predicate": {"damaged": 0, "damage": 0.996}, "model": "halb/hoe/※249"},
		{"predicate": {"damaged": 1, "damage": 0}, "model": "item/iron_axe"}	
	]
}
