{
"__comment": "Designed by signed",
"textures": {
    "leaves_oak": "blocks/leaves_oak",
    "fern": "blocks/fern"
},
"elements": [ 
{
    "from": [ 4.5, 0, 3.5 ],
    "to": [ 12, 7, 11 ],
    "faces": {
        "down":  { "uv": [ 0, 0, 16, 16 ], "texture": "#leaves_oak", "tintindex": 0, "cullface": "down" },
        "up":    { "uv": [ 0, 0, 16, 16 ], "texture": "#leaves_oak", "tintindex": 0, "cullface": "up" },
        "north": { "uv": [ 0, 0, 16, 16 ], "texture": "#leaves_oak", "tintindex": 0, "cullface": "north" },
        "south": { "uv": [ 0, 0, 16, 16 ], "texture": "#leaves_oak", "tintindex": 0, "cullface": "south" },
        "west":  { "uv": [ 0, 0, 16, 16 ], "texture": "#leaves_oak", "tintindex": 0, "cullface": "west" },
        "east":  { "uv": [ 0, 0, 16, 16 ], "texture": "#leaves_oak", "tintindex": 0, "cullface": "east" }
    }
},
{
    "__comment": "PlaneX ",
    "from": [ 1.5, -0.398918, 3.5 ],
    "to": [ 1.5625, 6.60108, 11 ],
    "rotation": { "origin": [ 1.5, 6.60108, 3.5 ], "axis": "z", "angle": 22.5 },
    "faces": {
        "east":  { "uv": [ 1.5, 3, 15.5, 16 ], "texture": "#fern", "tintindex": 1, "cullface": "east" }
    }
},
{
    "from": [ 15, -0.5, 3.5 ],
    "to": [ 15.0625, 6.5, 11 ],
    "rotation": { "origin": [ 15, 6.5, 3.5 ], "axis": "z", "angle": -22.5 },
    "faces": {
        "east":  { "uv": [ 1.5, 3, 15.5, 16 ], "texture": "#fern", "tintindex": 2, "cullface": "east" }
    }
},
{
    "from": [ 5, -0.5, 0.5 ],
    "to": [ 12.5, 6.5, 0.5625 ],
    "rotation": { "origin": [ 5, 6.5, 0.5 ], "axis": "x", "angle": -22.5 },
    "faces": {
        "south": { "uv": [ 1.5, 3, 15.5, 16 ], "texture": "#fern", "tintindex": 3, "cullface": "east" }
    }
},
{
    "from": [ 5, -0.5, 13.5 ],
    "to": [ 12.5, 6.5, 13.5625 ],
    "rotation": { "origin": [ 5, 6.5, 13.5 ], "axis": "x", "angle": 22.5 },
    "faces": {
        "south": { "uv": [ 1.5, 3, 15.5, 16 ], "texture": "#fern", "tintindex": 4, "cullface": "south" }
    }
}
],
"display": {
    "head": {
        "rotation": [ 0, 34, 0 ],
        "translation": [ 0, 11.34, 0.57 ],
        "scale": [ 2.14, 2.33, 2.49 ]
    },
    "ground": {
        "rotation": [ 0, 0, 0 ],
        "translation": [ 0, 0, 0 ],
        "scale": [ 1, 1, 1 ]
    },
    "gui": {
        "rotation": [ 72, 0, 0 ],
        "translation": [ 0, 0, 0 ],
        "scale": [ 1, 1, 1 ]
    }
}
}