{
    "parent": "builtin/entity",
    "display": {
        "thirdperson_righthand": {
            "rotation": [ 0, 90, 0 ],
            "translation": [ 10.51, 6, -4 ],
            "scale": [ 1, 1, 1 ]
        },
        "thirdperson_lefthand": {
            "rotation": [ 0, 90, 0 ],
            "translation": [ 10.51, 6, 12 ],
            "scale": [ 1, 1, 1 ]
        },
        "firstperson_righthand": {
            "rotation": [ 0, 180, 5 ],
            "translation": [ -10, 2, -10 ],
            "scale": [ 1.25, 1.25, 1.25 ]
        },
        "firstperson_lefthand": {
            "rotation": [ 0, 180, 5 ],
            "translation": [ 10, 0, -10 ],
            "scale": [ 1.25, 1.25, 1.25 ]
        },
        "gui": {
            "rotation": [ 15, -25, -5 ],
            "translation": [ 2, 3, 0 ],
            "scale": [ 0.65, 0.65, 0.65 ]
        },
        "fixed": {
            "rotation": [ 0, 180, 0 ],
            "translation": [ -2, 4, -5],
            "scale":[ 0.5, 0.5, 0.5]
        },
        "ground": {
            "rotation": [ 0, 0, 0 ],
            "translation": [ 4, 4, 2],
            "scale":[ 0.25, 0.25, 0.25]
        }
    },
    "overrides": [
        {
            "predicate": {
                "blocking": 1
            },
            "model": "item/shield_blocking"
        },

        {"predicate": {"damaged": 0, "damage": 0.002967359050445}, "model": "item/custom/mirror_shield"},
        {"predicate": {"damaged": 0, "damage": 0.00593471810089}, "model": "item/saber/lightsaber_green"},
        {"predicate": {"damaged": 0, "damage": 0.008902077151335}, "model": "item/saber/lightsaber_blue"},
        {"predicate": {"damaged": 0, "damage": 0.01186943620178}, "model": "item/saber/lightsaber_red"},
        {"predicate": {"damaged": 0, "damage": 0.014836795252226}, "model": "item/saber/lightsaber_orange"},
        {"predicate": {"damaged": 0, "damage": 0.017804154302671}, "model": "item/saber/lightsaber_purple"},
        {"predicate": {"damaged": 0, "damage": 0.0208333335}, "model": "halb/hoe/no0578"},
        {"predicate": {"damaged": 0, "damage": 0.023809524}, "model": "halb/hoe/no0586"},
        {"predicate": {"damaged": 0, "damage": 0.0267857145}, "model": "halb/hoe/no0706"},
        {"predicate": {"damaged": 0, "damage": 0.029761905}, "model": "halb/sword/1105"},
        {"predicate": {"damaged": 0, "damage": 0.0327380955}, "model": "halb/sword/1205"},
        {"predicate": {"damaged": 0, "damage": 0.035714286}, "model": "halb/hoe/※12"},
        {"predicate": {"damaged": 0, "damage": 0.0386904765}, "model": "halb/hoe/※13"},
        {"predicate": {"damaged": 0, "damage": 0.041666667}, "model": "halb/hoe/※14"},
        {"predicate": {"damaged": 0, "damage": 0.0446428575}, "model": "halb/hoe/※15"},
        {"predicate": {"damaged": 0, "damage": 0.047619048}, "model": "halb/hoe/※16"},
        {"predicate": {"damaged": 0, "damage": 0.0505952385}, "model": "halb/hoe/※17"},
        {"predicate": {"damaged": 0, "damage": 0.053571429}, "model": "halb/hoe/※18"},
        {"predicate": {"damaged": 0, "damage": 0.0565476195}, "model": "halb/hoe/※19"},
        {"predicate": {"damaged": 0, "damage": 0.05952381}, "model": "halb/hoe/※20"},
        {"predicate": {"damaged": 0, "damage": 0.0625000005}, "model": "halb/hoe/※21"},
        {"predicate": {"damaged": 0, "damage": 0.065476191}, "model": "halb/hoe/※22"},
        {"predicate": {"damaged": 0, "damage": 0.0684523815}, "model": "halb/hoe/※23"},
        {"predicate": {"damaged": 0, "damage": 0.071428572}, "model": "halb/hoe/※24"},
        {"predicate": {"damaged": 0, "damage": 0.0744047625}, "model": "halb/hoe/※25"},
        {"predicate": {"damaged": 0, "damage": 0.077380953}, "model": "halb/hoe/※26"},
        {"predicate": {"damaged": 0, "damage": 0.0803571435}, "model": "halb/hoe/※27"},
        {"predicate": {"damaged": 0, "damage": 0.083333334}, "model": "halb/hoe/※28"},
        {"predicate": {"damaged": 0, "damage": 0.0863095245}, "model": "halb/hoe/※29"},
        {"predicate": {"damaged": 0, "damage": 0.089285715}, "model": "halb/hoe/※30"},
        {"predicate": {"damaged": 0, "damage": 0.0922619055}, "model": "halb/hoe/※31"},
        {"predicate": {"damaged": 0, "damage": 0.095238096}, "model": "halb/hoe/※32"},
        {"predicate": {"damaged": 0, "damage": 0.0982142865}, "model": "halb/hoe/※33"},
        {"predicate": {"damaged": 0, "damage": 0.101190477}, "model": "halb/hoe/※34"},
        {"predicate": {"damaged": 0, "damage": 0.1041666675}, "model": "halb/hoe/※35"},
        {"predicate": {"damaged": 0, "damage": 0.107142858}, "model": "halb/hoe/※36"},
        {"predicate": {"damaged": 0, "damage": 0.1101190485}, "model": "halb/hoe/※37"},
        {"predicate": {"damaged": 0, "damage": 0.113095239}, "model": "halb/hoe/※38"},
        {"predicate": {"damaged": 0, "damage": 0.1160714295}, "model": "halb/hoe/※39"},
        {"predicate": {"damaged": 0, "damage": 0.11904762}, "model": "halb/hoe/※40"},
        {"predicate": {"damaged": 0, "damage": 0.1220238105}, "model": "halb/hoe/※41"},
        {"predicate": {"damaged": 0, "damage": 0.125000001}, "model": "halb/hoe/※42"},
        {"predicate": {"damaged": 0, "damage": 0.1279761915}, "model": "halb/hoe/※43"},
        {"predicate": {"damaged": 0, "damage": 0.130952382}, "model": "halb/hoe/※44"},
        {"predicate": {"damaged": 0, "damage": 0.1339285725}, "model": "halb/hoe/※45"},
        {"predicate": {"damaged": 0, "damage": 0.136904763}, "model": "halb/hoe/※46"},
        {"predicate": {"damaged": 0, "damage": 0.1398809535}, "model": "halb/hoe/※47"},
        {"predicate": {"damaged": 0, "damage": 0.142857144}, "model": "halb/hoe/※48"},
        {"predicate": {"damaged": 0, "damage": 0.1458333345}, "model": "halb/hoe/※49"},
        {"predicate": {"damaged": 0, "damage": 0.148809525}, "model": "halb/hoe/※50"},
        {"predicate": {"damaged": 0, "damage": 0.1517857155}, "model": "halb/hoe/※51"},
        {"predicate": {"damaged": 0, "damage": 0.154761906}, "model": "halb/hoe/※52"},
        {"predicate": {"damaged": 0, "damage": 0.1577380965}, "model": "halb/hoe/※53"},
        {"predicate": {"damaged": 0, "damage": 0.160714287}, "model": "halb/hoe/※54"},
        {"predicate": {"damaged": 0, "damage": 0.1636904775}, "model": "halb/hoe/※55"},
        {"predicate": {"damaged": 0, "damage": 0.166666668}, "model": "halb/hoe/※56"},
        {"predicate": {"damaged": 0, "damage": 0.1696428585}, "model": "halb/hoe/※57"},
        {"predicate": {"damaged": 0, "damage": 0.172619049}, "model": "halb/hoe/※58"},
        {"predicate": {"damaged": 0, "damage": 0.1755952395}, "model": "halb/hoe/※59"},
        {"predicate": {"damaged": 0, "damage": 0.17857143}, "model": "halb/hoe/※60"},
        {"predicate": {"damaged": 0, "damage": 0.1815476205}, "model": "halb/hoe/※61"},
        {"predicate": {"damaged": 0, "damage": 0.184523811}, "model": "halb/hoe/※62"},
        {"predicate": {"damaged": 0, "damage": 0.1875000015}, "model": "halb/hoe/※63"},
        {"predicate": {"damaged": 0, "damage": 0.190476192}, "model": "halb/hoe/※64"},
        {"predicate": {"damaged": 0, "damage": 0.1934523825}, "model": "halb/hoe/※65"},
        {"predicate": {"damaged": 0, "damage": 0.196428573}, "model": "halb/hoe/※66"},
        {"predicate": {"damaged": 0, "damage": 0.1994047635}, "model": "halb/hoe/※67"},
        {"predicate": {"damaged": 0, "damage": 0.202380954}, "model": "halb/hoe/※68"},
        {"predicate": {"damaged": 0, "damage": 0.2053571445}, "model": "halb/hoe/※69"},
        {"predicate": {"damaged": 0, "damage": 0.208333335}, "model": "halb/hoe/※70"},
        {"predicate": {"damaged": 0, "damage": 0.2113095255}, "model": "halb/hoe/※71"},
        {"predicate": {"damaged": 0, "damage": 0.214285716}, "model": "halb/hoe/※72"},
        {"predicate": {"damaged": 0, "damage": 0.2172619065}, "model": "halb/hoe/※73"},
        {"predicate": {"damaged": 0, "damage": 0.220238097}, "model": "halb/hoe/※74"},
        {"predicate": {"damaged": 0, "damage": 0.2232142875}, "model": "halb/hoe/※75"},
        {"predicate": {"damaged": 0, "damage": 0.226190478}, "model": "halb/hoe/※76"},
        {"predicate": {"damaged": 0, "damage": 0.2291666685}, "model": "halb/hoe/※77"},
        {"predicate": {"damaged": 0, "damage": 0.232142859}, "model": "halb/hoe/※78"},
        {"predicate": {"damaged": 0, "damage": 0.2351190495}, "model": "halb/hoe/※79"},
        {"predicate": {"damaged": 0, "damage": 0.23809524}, "model": "halb/hoe/※80"},
        {"predicate": {"damaged": 0, "damage": 0.2410714305}, "model": "halb/hoe/※81"},
        {"predicate": {"damaged": 0, "damage": 0.244047621}, "model": "halb/hoe/※82"},
        {"predicate": {"damaged": 0, "damage": 0.2470238115}, "model": "halb/hoe/※83"},
        {"predicate": {"damaged": 0, "damage": 0.250000002}, "model": "halb/hoe/※84"},
        {"predicate": {"damaged": 0, "damage": 0.2529761925}, "model": "halb/hoe/※85"},
        {"predicate": {"damaged": 0, "damage": 0.255952383}, "model": "halb/hoe/※86"},
        {"predicate": {"damaged": 0, "damage": 0.2589285735}, "model": "halb/hoe/※87"},
        {"predicate": {"damaged": 0, "damage": 0.261904764}, "model": "halb/hoe/※88"},
        {"predicate": {"damaged": 0, "damage": 0.2648809545}, "model": "halb/hoe/※89"},
        {"predicate": {"damaged": 0, "damage": 0.267857145}, "model": "halb/hoe/※90"},
        {"predicate": {"damaged": 0, "damage": 0.2708333355}, "model": "halb/hoe/※91"},
        {"predicate": {"damaged": 0, "damage": 0.273809526}, "model": "halb/hoe/※92"},
        {"predicate": {"damaged": 0, "damage": 0.2767857165}, "model": "halb/hoe/※93"},
        {"predicate": {"damaged": 0, "damage": 0.279761907}, "model": "halb/hoe/※94"},
        {"predicate": {"damaged": 0, "damage": 0.2827380975}, "model": "halb/hoe/※95"},
        {"predicate": {"damaged": 0, "damage": 0.285714288}, "model": "halb/hoe/※96"},
        {"predicate": {"damaged": 0, "damage": 0.2886904785}, "model": "halb/hoe/※97"},
        {"predicate": {"damaged": 0, "damage": 0.291666669}, "model": "halb/hoe/※98"},
        {"predicate": {"damaged": 0, "damage": 0.2946428595}, "model": "halb/hoe/※99"},
        {"predicate": {"damaged": 0, "damage": 0.29761905}, "model": "halb/hoe/※100"},
        {"predicate": {"damaged": 0, "damage": 0.3005952405}, "model": "halb/hoe/※101"},
        {"predicate": {"damaged": 0, "damage": 0.303571431}, "model": "halb/hoe/※102"},
        {"predicate": {"damaged": 0, "damage": 0.3065476215}, "model": "halb/hoe/※103"},
        {"predicate": {"damaged": 0, "damage": 0.309523812}, "model": "halb/hoe/※104"},
        {"predicate": {"damaged": 0, "damage": 0.3125000025}, "model": "halb/hoe/※105"},
        {"predicate": {"damaged": 0, "damage": 0.315476193}, "model": "halb/hoe/※106"},
        {"predicate": {"damaged": 0, "damage": 0.3184523835}, "model": "halb/hoe/※107"},
        {"predicate": {"damaged": 0, "damage": 0.321428574}, "model": "halb/hoe/※108"},
        {"predicate": {"damaged": 0, "damage": 0.3244047645}, "model": "halb/hoe/※109"},
        {"predicate": {"damaged": 0, "damage": 0.327380955}, "model": "halb/hoe/※110"},
        {"predicate": {"damaged": 0, "damage": 0.3303571455}, "model": "halb/hoe/※111"},
        {"predicate": {"damaged": 0, "damage": 0.333333336}, "model": "halb/hoe/※112"},
        {"predicate": {"damaged": 0, "damage": 0.3363095265}, "model": "halb/hoe/※113"},
        {"predicate": {"damaged": 0, "damage": 0.339285717}, "model": "halb/hoe/※114"},
        {"predicate": {"damaged": 0, "damage": 0.3422619075}, "model": "halb/hoe/※115"},
        {"predicate": {"damaged": 0, "damage": 0.345238098}, "model": "halb/hoe/※116"},
        {"predicate": {"damaged": 0, "damage": 0.3482142885}, "model": "halb/hoe/※117"},
        {"predicate": {"damaged": 0, "damage": 0.351190479}, "model": "halb/hoe/※118"},
        {"predicate": {"damaged": 0, "damage": 0.3541666695}, "model": "halb/hoe/※119"},
        {"predicate": {"damaged": 0, "damage": 0.35714286}, "model": "halb/hoe/※120"},
        {"predicate": {"damaged": 0, "damage": 0.3601190505}, "model": "halb/hoe/※121"},
        {"predicate": {"damaged": 0, "damage": 0.363095241}, "model": "halb/hoe/※122"},
        {"predicate": {"damaged": 0, "damage": 0.3660714315}, "model": "halb/hoe/※123"},
        {"predicate": {"damaged": 0, "damage": 0.369047622}, "model": "halb/hoe/※124"},
        {"predicate": {"damaged": 0, "damage": 0.3720238125}, "model": "halb/hoe/※125"},
        {"predicate": {"damaged": 0, "damage": 0.375000003}, "model": "halb/hoe/※126"},
        {"predicate": {"damaged": 0, "damage": 0.3779761935}, "model": "halb/hoe/※127"},
        {"predicate": {"damaged": 0, "damage": 0.380952384}, "model": "halb/hoe/※128"},
        {"predicate": {"damaged": 0, "damage": 0.3839285745}, "model": "halb/hoe/※129"},
        {"predicate": {"damaged": 0, "damage": 0.386904765}, "model": "halb/hoe/※130"},
        {"predicate": {"damaged": 0, "damage": 0.3898809555}, "model": "halb/hoe/※131"},
        {"predicate": {"damaged": 0, "damage": 0.392857146}, "model": "halb/hoe/※132"},
        {"predicate": {"damaged": 0, "damage": 0.3958333365}, "model": "halb/hoe/※133"},
        {"predicate": {"damaged": 0, "damage": 0.398809527}, "model": "halb/hoe/※134"},
        {"predicate": {"damaged": 0, "damage": 0.4017857175}, "model": "halb/hoe/※135"},
        {"predicate": {"damaged": 0, "damage": 0.404761908}, "model": "halb/hoe/※136"},
        {"predicate": {"damaged": 0, "damage": 0.4077380985}, "model": "halb/hoe/※137"},
        {"predicate": {"damaged": 0, "damage": 0.410714289}, "model": "halb/hoe/※138"},
        {"predicate": {"damaged": 0, "damage": 0.4136904795}, "model": "halb/hoe/※139"},
        {"predicate": {"damaged": 0, "damage": 0.41666667}, "model": "halb/hoe/※140"},
        {"predicate": {"damaged": 0, "damage": 0.4196428605}, "model": "halb/hoe/※141"},
        {"predicate": {"damaged": 0, "damage": 0.422619051}, "model": "halb/hoe/※142"},
        {"predicate": {"damaged": 0, "damage": 0.4255952415}, "model": "halb/hoe/※143"},
        {"predicate": {"damaged": 0, "damage": 0.428571432}, "model": "halb/hoe/※144"},
        {"predicate": {"damaged": 0, "damage": 0.4315476225}, "model": "halb/hoe/※145"},
        {"predicate": {"damaged": 0, "damage": 0.434523813}, "model": "halb/hoe/※146"},
        {"predicate": {"damaged": 0, "damage": 0.4375000035}, "model": "halb/hoe/※147"},
        {"predicate": {"damaged": 0, "damage": 0.440476194}, "model": "halb/hoe/※148"},
        {"predicate": {"damaged": 0, "damage": 0.4434523845}, "model": "halb/hoe/※149"},
        {"predicate": {"damaged": 0, "damage": 0.446428575}, "model": "halb/hoe/※150"},
        {"predicate": {"damaged": 0, "damage": 0.4494047655}, "model": "halb/hoe/※151"},
        {"predicate": {"damaged": 0, "damage": 0.452380956}, "model": "halb/hoe/※152"},
        {"predicate": {"damaged": 0, "damage": 0.4553571465}, "model": "halb/hoe/※153"},
        {"predicate": {"damaged": 0, "damage": 0.458333337}, "model": "halb/hoe/※154"},
        {"predicate": {"damaged": 0, "damage": 0.4613095275}, "model": "halb/hoe/※155"},
        {"predicate": {"damaged": 0, "damage": 0.464285718}, "model": "halb/hoe/※156"},
        {"predicate": {"damaged": 0, "damage": 0.4672619085}, "model": "halb/hoe/※157"},
        {"predicate": {"damaged": 0, "damage": 0.470238099}, "model": "halb/hoe/※158"},
        {"predicate": {"damaged": 0, "damage": 0.4732142895}, "model": "halb/hoe/※159"},
        {"predicate": {"damaged": 0, "damage": 0.47619048}, "model": "halb/hoe/※160"},
        {"predicate": {"damaged": 0, "damage": 0.4791666705}, "model": "halb/hoe/※161"},
        {"predicate": {"damaged": 0, "damage": 0.482142861}, "model": "halb/hoe/※162"},
        {"predicate": {"damaged": 0, "damage": 0.4851190515}, "model": "halb/hoe/※163"},
        {"predicate": {"damaged": 0, "damage": 0.488095242}, "model": "halb/hoe/※164"},
        {"predicate": {"damaged": 0, "damage": 0.4910714325}, "model": "halb/hoe/※165"},
        {"predicate": {"damaged": 0, "damage": 0.494047623}, "model": "halb/hoe/※166"},
        {"predicate": {"damaged": 0, "damage": 0.4970238135}, "model": "halb/hoe/※167"},
        {"predicate": {"damaged": 0, "damage": 0.500000004}, "model": "halb/hoe/※168"},
        {"predicate": {"damaged": 0, "damage": 0.5029761945}, "model": "halb/hoe/※169"},
        {"predicate": {"damaged": 0, "damage": 0.505952385}, "model": "halb/hoe/※170"},
        {"predicate": {"damaged": 0, "damage": 0.5089285755}, "model": "halb/hoe/※171"},
        {"predicate": {"damaged": 0, "damage": 0.511904766}, "model": "halb/hoe/※172"},
        {"predicate": {"damaged": 0, "damage": 0.5148809565}, "model": "halb/hoe/※173"},
        {"predicate": {"damaged": 0, "damage": 0.517857147}, "model": "halb/hoe/※174"},
        {"predicate": {"damaged": 0, "damage": 0.5208333375}, "model": "halb/hoe/※175"},
        {"predicate": {"damaged": 0, "damage": 0.523809528}, "model": "halb/hoe/※176"},
        {"predicate": {"damaged": 0, "damage": 0.5267857185}, "model": "halb/hoe/※177"},
        {"predicate": {"damaged": 0, "damage": 0.529761909}, "model": "halb/hoe/※178"},
        {"predicate": {"damaged": 0, "damage": 0.5327380995}, "model": "halb/hoe/※179"},
        {"predicate": {"damaged": 0, "damage": 0.53571429}, "model": "halb/hoe/※180"},
        {"predicate": {"damaged": 0, "damage": 0.5386904805}, "model": "halb/hoe/※181"},
        {"predicate": {"damaged": 0, "damage": 0.541666671}, "model": "halb/hoe/※182"},
        {"predicate": {"damaged": 0, "damage": 0.5446428615}, "model": "halb/hoe/※183"},
        {"predicate": {"damaged": 0, "damage": 0.547619052}, "model": "halb/hoe/※184"},
        {"predicate": {"damaged": 0, "damage": 0.5505952425}, "model": "halb/hoe/※185"},
        {"predicate": {"damaged": 0, "damage": 0.553571433}, "model": "halb/hoe/※186"},
        {"predicate": {"damaged": 0, "damage": 0.5565476235}, "model": "halb/hoe/※187"},
        {"predicate": {"damaged": 0, "damage": 0.559523814}, "model": "halb/hoe/※188"},
        {"predicate": {"damaged": 0, "damage": 0.5625000045}, "model": "halb/hoe/※189"},
        {"predicate": {"damaged": 0, "damage": 0.565476195}, "model": "halb/hoe/※190"},
        {"predicate": {"damaged": 0, "damage": 0.5684523855}, "model": "halb/hoe/※191"},
        {"predicate": {"damaged": 0, "damage": 0.571428576}, "model": "halb/hoe/※192"},
        {"predicate": {"damaged": 0, "damage": 0.5744047665}, "model": "halb/hoe/※193"},
        {"predicate": {"damaged": 0, "damage": 0.577380957}, "model": "halb/hoe/※194"},
        {"predicate": {"damaged": 0, "damage": 0.5803571475}, "model": "halb/hoe/※195"},
        {"predicate": {"damaged": 0, "damage": 0.583333338}, "model": "halb/hoe/※196"},
        {"predicate": {"damaged": 0, "damage": 0.5863095285}, "model": "halb/hoe/※197"},
        {"predicate": {"damaged": 0, "damage": 0.589285719}, "model": "halb/hoe/※198"},
        {"predicate": {"damaged": 0, "damage": 0.5922619095}, "model": "halb/hoe/※199"},
        {"predicate": {"damaged": 0, "damage": 0.5952381}, "model": "halb/hoe/※200"},
        {"predicate": {"damaged": 0, "damage": 0.5982142905}, "model": "halb/hoe/※201"},
        {"predicate": {"damaged": 0, "damage": 0.601190481}, "model": "halb/hoe/※202"},
        {"predicate": {"damaged": 0, "damage": 0.6041666715}, "model": "halb/hoe/※203"},
        {"predicate": {"damaged": 0, "damage": 0.607142862}, "model": "halb/hoe/※204"},
        {"predicate": {"damaged": 0, "damage": 0.6101190525}, "model": "halb/hoe/※205"},
        {"predicate": {"damaged": 0, "damage": 0.613095243}, "model": "halb/hoe/※206"},
        {"predicate": {"damaged": 0, "damage": 0.6160714335}, "model": "halb/hoe/※207"},
        {"predicate": {"damaged": 0, "damage": 0.619047624}, "model": "halb/hoe/※208"},
        {"predicate": {"damaged": 0, "damage": 0.6220238145}, "model": "halb/hoe/※209"},
        {"predicate": {"damaged": 0, "damage": 0.625000005}, "model": "halb/hoe/※210"},
        {"predicate": {"damaged": 0, "damage": 0.6279761955}, "model": "halb/hoe/※211"},
        {"predicate": {"damaged": 0, "damage": 0.630952386}, "model": "halb/hoe/※212"},
        {"predicate": {"damaged": 0, "damage": 0.6339285765}, "model": "halb/hoe/※213"},
        {"predicate": {"damaged": 0, "damage": 0.636904767}, "model": "halb/hoe/※214"},
        {"predicate": {"damaged": 0, "damage": 0.6398809575}, "model": "halb/hoe/※215"},
        {"predicate": {"damaged": 0, "damage": 0.642857148}, "model": "halb/hoe/※216"},
        {"predicate": {"damaged": 0, "damage": 0.6458333385}, "model": "halb/hoe/※217"},
        {"predicate": {"damaged": 0, "damage": 0.648809529}, "model": "halb/hoe/※218"},
        {"predicate": {"damaged": 0, "damage": 0.6517857195}, "model": "halb/hoe/※219"},
        {"predicate": {"damaged": 0, "damage": 0.65476191}, "model": "halb/hoe/※220"},
        {"predicate": {"damaged": 0, "damage": 0.6577381005}, "model": "halb/hoe/※221"},
        {"predicate": {"damaged": 0, "damage": 0.660714291}, "model": "halb/hoe/※222"},
        {"predicate": {"damaged": 0, "damage": 0.6636904815}, "model": "halb/hoe/※223"},
        {"predicate": {"damaged": 0, "damage": 0.666666672}, "model": "halb/hoe/※224"},
        {"predicate": {"damaged": 0, "damage": 0.6696428625}, "model": "halb/hoe/※225"},
        {"predicate": {"damaged": 0, "damage": 0.672619053}, "model": "halb/hoe/※226"},
        {"predicate": {"damaged": 0, "damage": 0.6755952435}, "model": "halb/hoe/※227"},
        {"predicate": {"damaged": 0, "damage": 0.678571434}, "model": "halb/hoe/※228"},
        {"predicate": {"damaged": 0, "damage": 0.6815476245}, "model": "halb/hoe/※229"},
        {"predicate": {"damaged": 0, "damage": 0.684523815}, "model": "halb/hoe/※230"},
        {"predicate": {"damaged": 0, "damage": 0.6875000055}, "model": "halb/hoe/※231"},
        {"predicate": {"damaged": 0, "damage": 0.690476196}, "model": "halb/hoe/※232"},
        {"predicate": {"damaged": 0, "damage": 0.6934523865}, "model": "halb/hoe/※233"},
        {"predicate": {"damaged": 0, "damage": 0.696428577}, "model": "halb/hoe/※234"},
        {"predicate": {"damaged": 0, "damage": 0.6994047675}, "model": "halb/hoe/※235"},
        {"predicate": {"damaged": 0, "damage": 0.702380958}, "model": "halb/hoe/※236"},
        {"predicate": {"damaged": 0, "damage": 0.7053571485}, "model": "halb/hoe/※237"},
        {"predicate": {"damaged": 0, "damage": 0.708333339}, "model": "halb/hoe/※238"},
        {"predicate": {"damaged": 0, "damage": 0.7113095295}, "model": "halb/hoe/※239"},
        {"predicate": {"damaged": 0, "damage": 0.71428572}, "model": "halb/hoe/※240"},
        {"predicate": {"damaged": 0, "damage": 0.7172619105}, "model": "halb/hoe/※241"},
        {"predicate": {"damaged": 0, "damage": 0.720238101}, "model": "halb/hoe/※242"},
        {"predicate": {"damaged": 0, "damage": 0.7232142915}, "model": "halb/hoe/※243"},
        {"predicate": {"damaged": 0, "damage": 0.726190482}, "model": "halb/hoe/※244"},
        {"predicate": {"damaged": 0, "damage": 0.7291666725}, "model": "halb/hoe/※245"},
        {"predicate": {"damaged": 0, "damage": 0.732142863}, "model": "halb/hoe/※246"},
        {"predicate": {"damaged": 0, "damage": 0.7351190535}, "model": "halb/hoe/※247"},
        {"predicate": {"damaged": 0, "damage": 0.738095244}, "model": "halb/hoe/※248"},
        {"predicate": {"damaged": 0, "damage": 0.7410714345}, "model": "halb/hoe/※249"},
        {"predicate": {"damaged": 0, "damage": 0.744047625}, "model": "halb/hoe/※250"},
        {"predicate": {"damaged": 0, "damage": 0.7470238155}, "model": "halb/hoe/※251"},
        {"predicate": {"damaged": 0, "damage": 0.750000006}, "model": "halb/hoe/※252"},
        {"predicate": {"damaged": 0, "damage": 0.7529761965}, "model": "halb/hoe/※253"},
        {"predicate": {"damaged": 0, "damage": 0.755952387}, "model": "halb/hoe/※254"},
        {"predicate": {"damaged": 0, "damage": 0.7589285775}, "model": "halb/hoe/※255"},
        {"predicate": {"damaged": 0, "damage": 0.761904768}, "model": "halb/hoe/※256"},
        {"predicate": {"damaged": 0, "damage": 0.7648809585}, "model": "halb/hoe/※257"},
        {"predicate": {"damaged": 0, "damage": 0.767857149}, "model": "halb/hoe/※258"},
        {"predicate": {"damaged": 0, "damage": 0.7708333395}, "model": "halb/hoe/※259"},
        {"predicate": {"damaged": 0, "damage": 0.77380953}, "model": "halb/hoe/※260"},
        {"predicate": {"damaged": 0, "damage": 0.7767857205}, "model": "halb/hoe/※261"},
        {"predicate": {"damaged": 0, "damage": 0.779761911}, "model": "halb/hoe/※262"},
        {"predicate": {"damaged": 0, "damage": 0.7827381015}, "model": "halb/hoe/※263"},
        {"predicate": {"damaged": 0, "damage": 0.785714292}, "model": "halb/hoe/※264"},
        {"predicate": {"damaged": 0, "damage": 0.7886904825}, "model": "halb/hoe/※265"},
        {"predicate": {"damaged": 0, "damage": 0.791666673}, "model": "halb/hoe/※266"},
        {"predicate": {"damaged": 0, "damage": 0.7946428635}, "model": "halb/hoe/※267"},
        {"predicate": {"damaged": 0, "damage": 0.797619054}, "model": "halb/hoe/※268"},
        {"predicate": {"damaged": 0, "damage": 0.8005952445}, "model": "halb/hoe/※269"},
        {"predicate": {"damaged": 0, "damage": 0.803571435}, "model": "halb/hoe/※270"},
        {"predicate": {"damaged": 0, "damage": 0.8065476255}, "model": "halb/hoe/※271"},
        {"predicate": {"damaged": 0, "damage": 0.809523816}, "model": "halb/hoe/※272"},
        {"predicate": {"damaged": 0, "damage": 0.8125000065}, "model": "halb/hoe/※273"},
        {"predicate": {"damaged": 0, "damage": 0.815476197}, "model": "halb/hoe/※274"},
        {"predicate": {"damaged": 0, "damage": 0.8184523875}, "model": "halb/hoe/※275"},
        {"predicate": {"damaged": 0, "damage": 0.821428578}, "model": "halb/hoe/※276"},
        {"predicate": {"damaged": 0, "damage": 0.8244047685}, "model": "halb/hoe/※277"},
        {"predicate": {"damaged": 0, "damage": 0.827380959}, "model": "halb/hoe/※278"},
        {"predicate": {"damaged": 0, "damage": 0.8303571495}, "model": "halb/hoe/※279"},
        {"predicate": {"damaged": 0, "damage": 0.83333334}, "model": "halb/hoe/※280"},
        {"predicate": {"damaged": 0, "damage": 0.8363095305}, "model": "halb/hoe/※281"},
        {"predicate": {"damaged": 0, "damage": 0.839285721}, "model": "halb/hoe/※282"},
        {"predicate": {"damaged": 0, "damage": 0.8422619115}, "model": "halb/hoe/※283"},
        {"predicate": {"damaged": 0, "damage": 0.845238102}, "model": "halb/hoe/※284"},
        {"predicate": {"damaged": 0, "damage": 0.8482142925}, "model": "halb/hoe/※285"},
        {"predicate": {"damaged": 0, "damage": 0.851190483}, "model": "halb/hoe/※286"},
        {"predicate": {"damaged": 0, "damage": 0.8541666735}, "model": "halb/hoe/※287"},
        {"predicate": {"damaged": 0, "damage": 0.857142864}, "model": "halb/hoe/※288"},
        {"predicate": {"damaged": 0, "damage": 0.8601190545}, "model": "halb/hoe/※289"},
        {"predicate": {"damaged": 0, "damage": 0.863095245}, "model": "halb/hoe/※290"},
        {"predicate": {"damaged": 0, "damage": 0.8660714355}, "model": "halb/hoe/※291"},
        {"predicate": {"damaged": 0, "damage": 0.869047626}, "model": "halb/hoe/※292"},
        {"predicate": {"damaged": 0, "damage": 0.8720238165}, "model": "halb/hoe/※293"},
        {"predicate": {"damaged": 0, "damage": 0.875000007}, "model": "halb/hoe/※294"},
        {"predicate": {"damaged": 0, "damage": 0.8779761975}, "model": "halb/hoe/※295"},
        {"predicate": {"damaged": 0, "damage": 0.880952388}, "model": "halb/hoe/※296"},
        {"predicate": {"damaged": 0, "damage": 0.8839285785}, "model": "halb/hoe/※297"},
        {"predicate": {"damaged": 0, "damage": 0.886904769}, "model": "halb/hoe/※298"},
        {"predicate": {"damaged": 0, "damage": 0.8898809595}, "model": "halb/hoe/※299"},
        {"predicate": {"damaged": 0, "damage": 0.89285715}, "model": "halb/hoe/※300"},
        {"predicate": {"damaged": 0, "damage": 0.8958333405}, "model": "halb/hoe/※301"},
        {"predicate": {"damaged": 0, "damage": 0.898809531}, "model": "halb/hoe/※302"},
        {"predicate": {"damaged": 0, "damage": 0.9017857215}, "model": "halb/hoe/※303"},
        {"predicate": {"damaged": 0, "damage": 0.904761912}, "model": "halb/hoe/※304"},
        {"predicate": {"damaged": 0, "damage": 0.9077381025}, "model": "halb/hoe/※305"},
        {"predicate": {"damaged": 0, "damage": 0.910714293}, "model": "halb/hoe/※306"},
        {"predicate": {"damaged": 0, "damage": 0.9136904835}, "model": "halb/hoe/※307"},
        {"predicate": {"damaged": 0, "damage": 0.916666674}, "model": "halb/hoe/※308"},
        {"predicate": {"damaged": 0, "damage": 0.9196428645}, "model": "halb/hoe/※309"},
        {"predicate": {"damaged": 0, "damage": 0.922619055}, "model": "halb/hoe/※310"},
        {"predicate": {"damaged": 0, "damage": 0.9255952455}, "model": "halb/hoe/※311"},
        {"predicate": {"damaged": 0, "damage": 0.928571436}, "model": "halb/hoe/※312"},
        {"predicate": {"damaged": 0, "damage": 0.9315476265}, "model": "halb/hoe/※313"},
        {"predicate": {"damaged": 0, "damage": 0.934523817}, "model": "halb/hoe/※314"},
        {"predicate": {"damaged": 0, "damage": 0.9375000075}, "model": "halb/hoe/※315"},
        {"predicate": {"damaged": 0, "damage": 0.940476198}, "model": "halb/hoe/※316"},
        {"predicate": {"damaged": 0, "damage": 0.9434523885}, "model": "halb/hoe/※317"},
        {"predicate": {"damaged": 0, "damage": 0.946428579}, "model": "halb/hoe/※318"},
        {"predicate": {"damaged": 0, "damage": 0.9494047695}, "model": "halb/hoe/※319"},
        {"predicate": {"damaged": 0, "damage": 0.95238096}, "model": "halb/hoe/※320"},
        {"predicate": {"damaged": 0, "damage": 0.9553571505}, "model": "halb/hoe/※321"},
        {"predicate": {"damaged": 0, "damage": 0.958333341}, "model": "halb/hoe/※322"},
        {"predicate": {"damaged": 0, "damage": 0.9613095315}, "model": "halb/hoe/※323"},
        {"predicate": {"damaged": 0, "damage": 0.964285722}, "model": "halb/hoe/※324"},
        {"predicate": {"damaged": 0, "damage": 0.9672619125}, "model": "halb/hoe/※325"},
        {"predicate": {"damaged": 0, "damage": 0.970238103}, "model": "halb/hoe/※326"},
        {"predicate": {"damaged": 0, "damage": 0.9732142935}, "model": "halb/hoe/※327"},
        {"predicate": {"damaged": 0, "damage": 0.976190484}, "model": "halb/hoe/※328"},
        {"predicate": {"damaged": 0, "damage": 0.9791666745}, "model": "halb/hoe/※329"},
        {"predicate": {"damaged": 0, "damage": 0.982142865}, "model": "halb/hoe/※330"},
        {"predicate": {"damaged": 0, "damage": 0.9851190555}, "model": "halb/hoe/※331"},
        {"predicate": {"damaged": 0, "damage": 0.988095246}, "model": "halb/hoe/※332"},
        {"predicate": {"damaged": 0, "damage": 0.9910714365}, "model": "halb/hoe/※333"},
        {"predicate": {"damaged": 0, "damage": 0.994047627}, "model": "halb/hoe/※334"},
        {"predicate": {"damaged": 0, "damage": 0.9970238175}, "model": "halb/hoe/※335"},

        {"predicate": {"damaged": 1, "damage": 0}, "model": "item/shield"},

        {"predicate": {"blocking": 1, "damaged": 0, "damage": 0.002967359050445}, "model": "item/custom/mirror_shield_blocking"},
        {"predicate": {"blocking": 1, "damaged": 0, "damage": 0.00593471810089}, "model": "item/saber/lightsaber_green_blocking"},
        {"predicate": {"blocking": 1, "damaged": 0, "damage": 0.008902077151335}, "model": "item/saber/lightsaber_blue_blocking"},
        {"predicate": {"blocking": 1, "damaged": 0, "damage": 0.01186943620178}, "model": "item/saber/lightsaber_red_blocking"},
        {"predicate": {"blocking": 1, "damaged": 0, "damage": 0.014836795252226}, "model": "item/saber/lightsaber_orange_blocking"},
        {"predicate": {"blocking": 1, "damaged": 0, "damage": 0.017804154302671}, "model": "item/saber/lightsaber_purple_blocking"},
        {"predicate": {"blocking": 1, "damaged": 0, "damage": 0.0208333335}, "model": "halb/hoe/no0585"},
        {"predicate": {"blocking": 1, "damaged": 0, "damage": 0.023809524}, "model": "halb/hoe/no0725"},
        {"predicate": {"blocking": 1, "damaged": 0, "damage": 0.0267857145}, "model": "halb/hoe/no0674"},
        {"predicate": {"blocking": 1, "damaged": 0, "damage": 0.029761905}, "model": "halb/sword/1106"},
        {"predicate": {"blocking": 1, "damaged": 0, "damage": 0.0327380955}, "model": "halb/sword/1206"},
        {"predicate": {"blocking": 1, "damaged": 0, "damage": 0.035714286}, "model": "halb/hoe/※12"},
        {"predicate": {"blocking": 1, "damaged": 0, "damage": 0.0386904765}, "model": "halb/hoe/※13"},
        {"predicate": {"blocking": 1, "damaged": 0, "damage": 0.041666667}, "model": "halb/hoe/※14"},
        {"predicate": {"blocking": 1, "damaged": 0, "damage": 0.0446428575}, "model": "halb/hoe/※15"},
        {"predicate": {"blocking": 1, "damaged": 0, "damage": 0.047619048}, "model": "halb/hoe/※16"},
        {"predicate": {"blocking": 1, "damaged": 0, "damage": 0.0505952385}, "model": "halb/hoe/※17"},
        {"predicate": {"blocking": 1, "damaged": 0, "damage": 0.053571429}, "model": "halb/hoe/※18"},
        {"predicate": {"blocking": 1, "damaged": 0, "damage": 0.0565476195}, "model": "halb/hoe/※19"},
        {"predicate": {"blocking": 1, "damaged": 0, "damage": 0.05952381}, "model": "halb/hoe/※20"},
        {"predicate": {"blocking": 1, "damaged": 0, "damage": 0.0625000005}, "model": "halb/hoe/※21"},
        {"predicate": {"blocking": 1, "damaged": 0, "damage": 0.065476191}, "model": "halb/hoe/※22"},
        {"predicate": {"blocking": 1, "damaged": 0, "damage": 0.0684523815}, "model": "halb/hoe/※23"},
        {"predicate": {"blocking": 1, "damaged": 0, "damage": 0.071428572}, "model": "halb/hoe/※24"},
        {"predicate": {"blocking": 1, "damaged": 0, "damage": 0.0744047625}, "model": "halb/hoe/※25"},
        {"predicate": {"blocking": 1, "damaged": 0, "damage": 0.077380953}, "model": "halb/hoe/※26"},
        {"predicate": {"blocking": 1, "damaged": 0, "damage": 0.0803571435}, "model": "halb/hoe/※27"},
        {"predicate": {"blocking": 1, "damaged": 0, "damage": 0.083333334}, "model": "halb/hoe/※28"},
        {"predicate": {"blocking": 1, "damaged": 0, "damage": 0.0863095245}, "model": "halb/hoe/※29"},
        {"predicate": {"blocking": 1, "damaged": 0, "damage": 0.089285715}, "model": "halb/hoe/※30"},
        {"predicate": {"blocking": 1, "damaged": 0, "damage": 0.0922619055}, "model": "halb/hoe/※31"},
        {"predicate": {"blocking": 1, "damaged": 0, "damage": 0.095238096}, "model": "halb/hoe/※32"},
        {"predicate": {"blocking": 1, "damaged": 0, "damage": 0.0982142865}, "model": "halb/hoe/※33"},
        {"predicate": {"blocking": 1, "damaged": 0, "damage": 0.101190477}, "model": "halb/hoe/※34"},
        {"predicate": {"blocking": 1, "damaged": 0, "damage": 0.1041666675}, "model": "halb/hoe/※35"},
        {"predicate": {"blocking": 1, "damaged": 0, "damage": 0.107142858}, "model": "halb/hoe/※36"},
        {"predicate": {"blocking": 1, "damaged": 0, "damage": 0.1101190485}, "model": "halb/hoe/※37"},
        {"predicate": {"blocking": 1, "damaged": 0, "damage": 0.113095239}, "model": "halb/hoe/※38"},
        {"predicate": {"blocking": 1, "damaged": 0, "damage": 0.1160714295}, "model": "halb/hoe/※39"},
        {"predicate": {"blocking": 1, "damaged": 0, "damage": 0.11904762}, "model": "halb/hoe/※40"},
        {"predicate": {"blocking": 1, "damaged": 0, "damage": 0.1220238105}, "model": "halb/hoe/※41"},
        {"predicate": {"blocking": 1, "damaged": 0, "damage": 0.125000001}, "model": "halb/hoe/※42"},
        {"predicate": {"blocking": 1, "damaged": 0, "damage": 0.1279761915}, "model": "halb/hoe/※43"},
        {"predicate": {"blocking": 1, "damaged": 0, "damage": 0.130952382}, "model": "halb/hoe/※44"},
        {"predicate": {"blocking": 1, "damaged": 0, "damage": 0.1339285725}, "model": "halb/hoe/※45"},
        {"predicate": {"blocking": 1, "damaged": 0, "damage": 0.136904763}, "model": "halb/hoe/※46"},
        {"predicate": {"blocking": 1, "damaged": 0, "damage": 0.1398809535}, "model": "halb/hoe/※47"},
        {"predicate": {"blocking": 1, "damaged": 0, "damage": 0.142857144}, "model": "halb/hoe/※48"},
        {"predicate": {"blocking": 1, "damaged": 0, "damage": 0.1458333345}, "model": "halb/hoe/※49"},
        {"predicate": {"blocking": 1, "damaged": 0, "damage": 0.148809525}, "model": "halb/hoe/※50"},
        {"predicate": {"blocking": 1, "damaged": 0, "damage": 0.1517857155}, "model": "halb/hoe/※51"},
        {"predicate": {"blocking": 1, "damaged": 0, "damage": 0.154761906}, "model": "halb/hoe/※52"},
        {"predicate": {"blocking": 1, "damaged": 0, "damage": 0.1577380965}, "model": "halb/hoe/※53"},
        {"predicate": {"blocking": 1, "damaged": 0, "damage": 0.160714287}, "model": "halb/hoe/※54"},
        {"predicate": {"blocking": 1, "damaged": 0, "damage": 0.1636904775}, "model": "halb/hoe/※55"},
        {"predicate": {"blocking": 1, "damaged": 0, "damage": 0.166666668}, "model": "halb/hoe/※56"},
        {"predicate": {"blocking": 1, "damaged": 0, "damage": 0.1696428585}, "model": "halb/hoe/※57"},
        {"predicate": {"blocking": 1, "damaged": 0, "damage": 0.172619049}, "model": "halb/hoe/※58"},
        {"predicate": {"blocking": 1, "damaged": 0, "damage": 0.1755952395}, "model": "halb/hoe/※59"},
        {"predicate": {"blocking": 1, "damaged": 0, "damage": 0.17857143}, "model": "halb/hoe/※60"},
        {"predicate": {"blocking": 1, "damaged": 0, "damage": 0.1815476205}, "model": "halb/hoe/※61"},
        {"predicate": {"blocking": 1, "damaged": 0, "damage": 0.184523811}, "model": "halb/hoe/※62"},
        {"predicate": {"blocking": 1, "damaged": 0, "damage": 0.1875000015}, "model": "halb/hoe/※63"},
        {"predicate": {"blocking": 1, "damaged": 0, "damage": 0.190476192}, "model": "halb/hoe/※64"},
        {"predicate": {"blocking": 1, "damaged": 0, "damage": 0.1934523825}, "model": "halb/hoe/※65"},
        {"predicate": {"blocking": 1, "damaged": 0, "damage": 0.196428573}, "model": "halb/hoe/※66"},
        {"predicate": {"blocking": 1, "damaged": 0, "damage": 0.1994047635}, "model": "halb/hoe/※67"},
        {"predicate": {"blocking": 1, "damaged": 0, "damage": 0.202380954}, "model": "halb/hoe/※68"},
        {"predicate": {"blocking": 1, "damaged": 0, "damage": 0.2053571445}, "model": "halb/hoe/※69"},
        {"predicate": {"blocking": 1, "damaged": 0, "damage": 0.208333335}, "model": "halb/hoe/※70"},
        {"predicate": {"blocking": 1, "damaged": 0, "damage": 0.2113095255}, "model": "halb/hoe/※71"},
        {"predicate": {"blocking": 1, "damaged": 0, "damage": 0.214285716}, "model": "halb/hoe/※72"},
        {"predicate": {"blocking": 1, "damaged": 0, "damage": 0.2172619065}, "model": "halb/hoe/※73"},
        {"predicate": {"blocking": 1, "damaged": 0, "damage": 0.220238097}, "model": "halb/hoe/※74"},
        {"predicate": {"blocking": 1, "damaged": 0, "damage": 0.2232142875}, "model": "halb/hoe/※75"},
        {"predicate": {"blocking": 1, "damaged": 0, "damage": 0.226190478}, "model": "halb/hoe/※76"},
        {"predicate": {"blocking": 1, "damaged": 0, "damage": 0.2291666685}, "model": "halb/hoe/※77"},
        {"predicate": {"blocking": 1, "damaged": 0, "damage": 0.232142859}, "model": "halb/hoe/※78"},
        {"predicate": {"blocking": 1, "damaged": 0, "damage": 0.2351190495}, "model": "halb/hoe/※79"},
        {"predicate": {"blocking": 1, "damaged": 0, "damage": 0.23809524}, "model": "halb/hoe/※80"},
        {"predicate": {"blocking": 1, "damaged": 0, "damage": 0.2410714305}, "model": "halb/hoe/※81"},
        {"predicate": {"blocking": 1, "damaged": 0, "damage": 0.244047621}, "model": "halb/hoe/※82"},
        {"predicate": {"blocking": 1, "damaged": 0, "damage": 0.2470238115}, "model": "halb/hoe/※83"},
        {"predicate": {"blocking": 1, "damaged": 0, "damage": 0.250000002}, "model": "halb/hoe/※84"},
        {"predicate": {"blocking": 1, "damaged": 0, "damage": 0.2529761925}, "model": "halb/hoe/※85"},
        {"predicate": {"blocking": 1, "damaged": 0, "damage": 0.255952383}, "model": "halb/hoe/※86"},
        {"predicate": {"blocking": 1, "damaged": 0, "damage": 0.2589285735}, "model": "halb/hoe/※87"},
        {"predicate": {"blocking": 1, "damaged": 0, "damage": 0.261904764}, "model": "halb/hoe/※88"},
        {"predicate": {"blocking": 1, "damaged": 0, "damage": 0.2648809545}, "model": "halb/hoe/※89"},
        {"predicate": {"blocking": 1, "damaged": 0, "damage": 0.267857145}, "model": "halb/hoe/※90"},
        {"predicate": {"blocking": 1, "damaged": 0, "damage": 0.2708333355}, "model": "halb/hoe/※91"},
        {"predicate": {"blocking": 1, "damaged": 0, "damage": 0.273809526}, "model": "halb/hoe/※92"},
        {"predicate": {"blocking": 1, "damaged": 0, "damage": 0.2767857165}, "model": "halb/hoe/※93"},
        {"predicate": {"blocking": 1, "damaged": 0, "damage": 0.279761907}, "model": "halb/hoe/※94"},
        {"predicate": {"blocking": 1, "damaged": 0, "damage": 0.2827380975}, "model": "halb/hoe/※95"},
        {"predicate": {"blocking": 1, "damaged": 0, "damage": 0.285714288}, "model": "halb/hoe/※96"},
        {"predicate": {"blocking": 1, "damaged": 0, "damage": 0.2886904785}, "model": "halb/hoe/※97"},
        {"predicate": {"blocking": 1, "damaged": 0, "damage": 0.291666669}, "model": "halb/hoe/※98"},
        {"predicate": {"blocking": 1, "damaged": 0, "damage": 0.2946428595}, "model": "halb/hoe/※99"},
        {"predicate": {"blocking": 1, "damaged": 0, "damage": 0.29761905}, "model": "halb/hoe/※100"},
        {"predicate": {"blocking": 1, "damaged": 0, "damage": 0.3005952405}, "model": "halb/hoe/※101"},
        {"predicate": {"blocking": 1, "damaged": 0, "damage": 0.303571431}, "model": "halb/hoe/※102"},
        {"predicate": {"blocking": 1, "damaged": 0, "damage": 0.3065476215}, "model": "halb/hoe/※103"},
        {"predicate": {"blocking": 1, "damaged": 0, "damage": 0.309523812}, "model": "halb/hoe/※104"},
        {"predicate": {"blocking": 1, "damaged": 0, "damage": 0.3125000025}, "model": "halb/hoe/※105"},
        {"predicate": {"blocking": 1, "damaged": 0, "damage": 0.315476193}, "model": "halb/hoe/※106"},
        {"predicate": {"blocking": 1, "damaged": 0, "damage": 0.3184523835}, "model": "halb/hoe/※107"},
        {"predicate": {"blocking": 1, "damaged": 0, "damage": 0.321428574}, "model": "halb/hoe/※108"},
        {"predicate": {"blocking": 1, "damaged": 0, "damage": 0.3244047645}, "model": "halb/hoe/※109"},
        {"predicate": {"blocking": 1, "damaged": 0, "damage": 0.327380955}, "model": "halb/hoe/※110"},
        {"predicate": {"blocking": 1, "damaged": 0, "damage": 0.3303571455}, "model": "halb/hoe/※111"},
        {"predicate": {"blocking": 1, "damaged": 0, "damage": 0.333333336}, "model": "halb/hoe/※112"},
        {"predicate": {"blocking": 1, "damaged": 0, "damage": 0.3363095265}, "model": "halb/hoe/※113"},
        {"predicate": {"blocking": 1, "damaged": 0, "damage": 0.339285717}, "model": "halb/hoe/※114"},
        {"predicate": {"blocking": 1, "damaged": 0, "damage": 0.3422619075}, "model": "halb/hoe/※115"},
        {"predicate": {"blocking": 1, "damaged": 0, "damage": 0.345238098}, "model": "halb/hoe/※116"},
        {"predicate": {"blocking": 1, "damaged": 0, "damage": 0.3482142885}, "model": "halb/hoe/※117"},
        {"predicate": {"blocking": 1, "damaged": 0, "damage": 0.351190479}, "model": "halb/hoe/※118"},
        {"predicate": {"blocking": 1, "damaged": 0, "damage": 0.3541666695}, "model": "halb/hoe/※119"},
        {"predicate": {"blocking": 1, "damaged": 0, "damage": 0.35714286}, "model": "halb/hoe/※120"},
        {"predicate": {"blocking": 1, "damaged": 0, "damage": 0.3601190505}, "model": "halb/hoe/※121"},
        {"predicate": {"blocking": 1, "damaged": 0, "damage": 0.363095241}, "model": "halb/hoe/※122"},
        {"predicate": {"blocking": 1, "damaged": 0, "damage": 0.3660714315}, "model": "halb/hoe/※123"},
        {"predicate": {"blocking": 1, "damaged": 0, "damage": 0.369047622}, "model": "halb/hoe/※124"},
        {"predicate": {"blocking": 1, "damaged": 0, "damage": 0.3720238125}, "model": "halb/hoe/※125"},
        {"predicate": {"blocking": 1, "damaged": 0, "damage": 0.375000003}, "model": "halb/hoe/※126"},
        {"predicate": {"blocking": 1, "damaged": 0, "damage": 0.3779761935}, "model": "halb/hoe/※127"},
        {"predicate": {"blocking": 1, "damaged": 0, "damage": 0.380952384}, "model": "halb/hoe/※128"},
        {"predicate": {"blocking": 1, "damaged": 0, "damage": 0.3839285745}, "model": "halb/hoe/※129"},
        {"predicate": {"blocking": 1, "damaged": 0, "damage": 0.386904765}, "model": "halb/hoe/※130"},
        {"predicate": {"blocking": 1, "damaged": 0, "damage": 0.3898809555}, "model": "halb/hoe/※131"},
        {"predicate": {"blocking": 1, "damaged": 0, "damage": 0.392857146}, "model": "halb/hoe/※132"},
        {"predicate": {"blocking": 1, "damaged": 0, "damage": 0.3958333365}, "model": "halb/hoe/※133"},
        {"predicate": {"blocking": 1, "damaged": 0, "damage": 0.398809527}, "model": "halb/hoe/※134"},
        {"predicate": {"blocking": 1, "damaged": 0, "damage": 0.4017857175}, "model": "halb/hoe/※135"},
        {"predicate": {"blocking": 1, "damaged": 0, "damage": 0.404761908}, "model": "halb/hoe/※136"},
        {"predicate": {"blocking": 1, "damaged": 0, "damage": 0.4077380985}, "model": "halb/hoe/※137"},
        {"predicate": {"blocking": 1, "damaged": 0, "damage": 0.410714289}, "model": "halb/hoe/※138"},
        {"predicate": {"blocking": 1, "damaged": 0, "damage": 0.4136904795}, "model": "halb/hoe/※139"},
        {"predicate": {"blocking": 1, "damaged": 0, "damage": 0.41666667}, "model": "halb/hoe/※140"},
        {"predicate": {"blocking": 1, "damaged": 0, "damage": 0.4196428605}, "model": "halb/hoe/※141"},
        {"predicate": {"blocking": 1, "damaged": 0, "damage": 0.422619051}, "model": "halb/hoe/※142"},
        {"predicate": {"blocking": 1, "damaged": 0, "damage": 0.4255952415}, "model": "halb/hoe/※143"},
        {"predicate": {"blocking": 1, "damaged": 0, "damage": 0.428571432}, "model": "halb/hoe/※144"},
        {"predicate": {"blocking": 1, "damaged": 0, "damage": 0.4315476225}, "model": "halb/hoe/※145"},
        {"predicate": {"blocking": 1, "damaged": 0, "damage": 0.434523813}, "model": "halb/hoe/※146"},
        {"predicate": {"blocking": 1, "damaged": 0, "damage": 0.4375000035}, "model": "halb/hoe/※147"},
        {"predicate": {"blocking": 1, "damaged": 0, "damage": 0.440476194}, "model": "halb/hoe/※148"},
        {"predicate": {"blocking": 1, "damaged": 0, "damage": 0.4434523845}, "model": "halb/hoe/※149"},
        {"predicate": {"blocking": 1, "damaged": 0, "damage": 0.446428575}, "model": "halb/hoe/※150"},
        {"predicate": {"blocking": 1, "damaged": 0, "damage": 0.4494047655}, "model": "halb/hoe/※151"},
        {"predicate": {"blocking": 1, "damaged": 0, "damage": 0.452380956}, "model": "halb/hoe/※152"},
        {"predicate": {"blocking": 1, "damaged": 0, "damage": 0.4553571465}, "model": "halb/hoe/※153"},
        {"predicate": {"blocking": 1, "damaged": 0, "damage": 0.458333337}, "model": "halb/hoe/※154"},
        {"predicate": {"blocking": 1, "damaged": 0, "damage": 0.4613095275}, "model": "halb/hoe/※155"},
        {"predicate": {"blocking": 1, "damaged": 0, "damage": 0.464285718}, "model": "halb/hoe/※156"},
        {"predicate": {"blocking": 1, "damaged": 0, "damage": 0.4672619085}, "model": "halb/hoe/※157"},
        {"predicate": {"blocking": 1, "damaged": 0, "damage": 0.470238099}, "model": "halb/hoe/※158"},
        {"predicate": {"blocking": 1, "damaged": 0, "damage": 0.4732142895}, "model": "halb/hoe/※159"},
        {"predicate": {"blocking": 1, "damaged": 0, "damage": 0.47619048}, "model": "halb/hoe/※160"},
        {"predicate": {"blocking": 1, "damaged": 0, "damage": 0.4791666705}, "model": "halb/hoe/※161"},
        {"predicate": {"blocking": 1, "damaged": 0, "damage": 0.482142861}, "model": "halb/hoe/※162"},
        {"predicate": {"blocking": 1, "damaged": 0, "damage": 0.4851190515}, "model": "halb/hoe/※163"},
        {"predicate": {"blocking": 1, "damaged": 0, "damage": 0.488095242}, "model": "halb/hoe/※164"},
        {"predicate": {"blocking": 1, "damaged": 0, "damage": 0.4910714325}, "model": "halb/hoe/※165"},
        {"predicate": {"blocking": 1, "damaged": 0, "damage": 0.494047623}, "model": "halb/hoe/※166"},
        {"predicate": {"blocking": 1, "damaged": 0, "damage": 0.4970238135}, "model": "halb/hoe/※167"},
        {"predicate": {"blocking": 1, "damaged": 0, "damage": 0.500000004}, "model": "halb/hoe/※168"},
        {"predicate": {"blocking": 1, "damaged": 0, "damage": 0.5029761945}, "model": "halb/hoe/※169"},
        {"predicate": {"blocking": 1, "damaged": 0, "damage": 0.505952385}, "model": "halb/hoe/※170"},
        {"predicate": {"blocking": 1, "damaged": 0, "damage": 0.5089285755}, "model": "halb/hoe/※171"},
        {"predicate": {"blocking": 1, "damaged": 0, "damage": 0.511904766}, "model": "halb/hoe/※172"},
        {"predicate": {"blocking": 1, "damaged": 0, "damage": 0.5148809565}, "model": "halb/hoe/※173"},
        {"predicate": {"blocking": 1, "damaged": 0, "damage": 0.517857147}, "model": "halb/hoe/※174"},
        {"predicate": {"blocking": 1, "damaged": 0, "damage": 0.5208333375}, "model": "halb/hoe/※175"},
        {"predicate": {"blocking": 1, "damaged": 0, "damage": 0.523809528}, "model": "halb/hoe/※176"},
        {"predicate": {"blocking": 1, "damaged": 0, "damage": 0.5267857185}, "model": "halb/hoe/※177"},
        {"predicate": {"blocking": 1, "damaged": 0, "damage": 0.529761909}, "model": "halb/hoe/※178"},
        {"predicate": {"blocking": 1, "damaged": 0, "damage": 0.5327380995}, "model": "halb/hoe/※179"},
        {"predicate": {"blocking": 1, "damaged": 0, "damage": 0.53571429}, "model": "halb/hoe/※180"},
        {"predicate": {"blocking": 1, "damaged": 0, "damage": 0.5386904805}, "model": "halb/hoe/※181"},
        {"predicate": {"blocking": 1, "damaged": 0, "damage": 0.541666671}, "model": "halb/hoe/※182"},
        {"predicate": {"blocking": 1, "damaged": 0, "damage": 0.5446428615}, "model": "halb/hoe/※183"},
        {"predicate": {"blocking": 1, "damaged": 0, "damage": 0.547619052}, "model": "halb/hoe/※184"},
        {"predicate": {"blocking": 1, "damaged": 0, "damage": 0.5505952425}, "model": "halb/hoe/※185"},
        {"predicate": {"blocking": 1, "damaged": 0, "damage": 0.553571433}, "model": "halb/hoe/※186"},
        {"predicate": {"blocking": 1, "damaged": 0, "damage": 0.5565476235}, "model": "halb/hoe/※187"},
        {"predicate": {"blocking": 1, "damaged": 0, "damage": 0.559523814}, "model": "halb/hoe/※188"},
        {"predicate": {"blocking": 1, "damaged": 0, "damage": 0.5625000045}, "model": "halb/hoe/※189"},
        {"predicate": {"blocking": 1, "damaged": 0, "damage": 0.565476195}, "model": "halb/hoe/※190"},
        {"predicate": {"blocking": 1, "damaged": 0, "damage": 0.5684523855}, "model": "halb/hoe/※191"},
        {"predicate": {"blocking": 1, "damaged": 0, "damage": 0.571428576}, "model": "halb/hoe/※192"},
        {"predicate": {"blocking": 1, "damaged": 0, "damage": 0.5744047665}, "model": "halb/hoe/※193"},
        {"predicate": {"blocking": 1, "damaged": 0, "damage": 0.577380957}, "model": "halb/hoe/※194"},
        {"predicate": {"blocking": 1, "damaged": 0, "damage": 0.5803571475}, "model": "halb/hoe/※195"},
        {"predicate": {"blocking": 1, "damaged": 0, "damage": 0.583333338}, "model": "halb/hoe/※196"},
        {"predicate": {"blocking": 1, "damaged": 0, "damage": 0.5863095285}, "model": "halb/hoe/※197"},
        {"predicate": {"blocking": 1, "damaged": 0, "damage": 0.589285719}, "model": "halb/hoe/※198"},
        {"predicate": {"blocking": 1, "damaged": 0, "damage": 0.5922619095}, "model": "halb/hoe/※199"},
        {"predicate": {"blocking": 1, "damaged": 0, "damage": 0.5952381}, "model": "halb/hoe/※200"},
        {"predicate": {"blocking": 1, "damaged": 0, "damage": 0.5982142905}, "model": "halb/hoe/※201"},
        {"predicate": {"blocking": 1, "damaged": 0, "damage": 0.601190481}, "model": "halb/hoe/※202"},
        {"predicate": {"blocking": 1, "damaged": 0, "damage": 0.6041666715}, "model": "halb/hoe/※203"},
        {"predicate": {"blocking": 1, "damaged": 0, "damage": 0.607142862}, "model": "halb/hoe/※204"},
        {"predicate": {"blocking": 1, "damaged": 0, "damage": 0.6101190525}, "model": "halb/hoe/※205"},
        {"predicate": {"blocking": 1, "damaged": 0, "damage": 0.613095243}, "model": "halb/hoe/※206"},
        {"predicate": {"blocking": 1, "damaged": 0, "damage": 0.6160714335}, "model": "halb/hoe/※207"},
        {"predicate": {"blocking": 1, "damaged": 0, "damage": 0.619047624}, "model": "halb/hoe/※208"},
        {"predicate": {"blocking": 1, "damaged": 0, "damage": 0.6220238145}, "model": "halb/hoe/※209"},
        {"predicate": {"blocking": 1, "damaged": 0, "damage": 0.625000005}, "model": "halb/hoe/※210"},
        {"predicate": {"blocking": 1, "damaged": 0, "damage": 0.6279761955}, "model": "halb/hoe/※211"},
        {"predicate": {"blocking": 1, "damaged": 0, "damage": 0.630952386}, "model": "halb/hoe/※212"},
        {"predicate": {"blocking": 1, "damaged": 0, "damage": 0.6339285765}, "model": "halb/hoe/※213"},
        {"predicate": {"blocking": 1, "damaged": 0, "damage": 0.636904767}, "model": "halb/hoe/※214"},
        {"predicate": {"blocking": 1, "damaged": 0, "damage": 0.6398809575}, "model": "halb/hoe/※215"},
        {"predicate": {"blocking": 1, "damaged": 0, "damage": 0.642857148}, "model": "halb/hoe/※216"},
        {"predicate": {"blocking": 1, "damaged": 0, "damage": 0.6458333385}, "model": "halb/hoe/※217"},
        {"predicate": {"blocking": 1, "damaged": 0, "damage": 0.648809529}, "model": "halb/hoe/※218"},
        {"predicate": {"blocking": 1, "damaged": 0, "damage": 0.6517857195}, "model": "halb/hoe/※219"},
        {"predicate": {"blocking": 1, "damaged": 0, "damage": 0.65476191}, "model": "halb/hoe/※220"},
        {"predicate": {"blocking": 1, "damaged": 0, "damage": 0.6577381005}, "model": "halb/hoe/※221"},
        {"predicate": {"blocking": 1, "damaged": 0, "damage": 0.660714291}, "model": "halb/hoe/※222"},
        {"predicate": {"blocking": 1, "damaged": 0, "damage": 0.6636904815}, "model": "halb/hoe/※223"},
        {"predicate": {"blocking": 1, "damaged": 0, "damage": 0.666666672}, "model": "halb/hoe/※224"},
        {"predicate": {"blocking": 1, "damaged": 0, "damage": 0.6696428625}, "model": "halb/hoe/※225"},
        {"predicate": {"blocking": 1, "damaged": 0, "damage": 0.672619053}, "model": "halb/hoe/※226"},
        {"predicate": {"blocking": 1, "damaged": 0, "damage": 0.6755952435}, "model": "halb/hoe/※227"},
        {"predicate": {"blocking": 1, "damaged": 0, "damage": 0.678571434}, "model": "halb/hoe/※228"},
        {"predicate": {"blocking": 1, "damaged": 0, "damage": 0.6815476245}, "model": "halb/hoe/※229"},
        {"predicate": {"blocking": 1, "damaged": 0, "damage": 0.684523815}, "model": "halb/hoe/※230"},
        {"predicate": {"blocking": 1, "damaged": 0, "damage": 0.6875000055}, "model": "halb/hoe/※231"},
        {"predicate": {"blocking": 1, "damaged": 0, "damage": 0.690476196}, "model": "halb/hoe/※232"},
        {"predicate": {"blocking": 1, "damaged": 0, "damage": 0.6934523865}, "model": "halb/hoe/※233"},
        {"predicate": {"blocking": 1, "damaged": 0, "damage": 0.696428577}, "model": "halb/hoe/※234"},
        {"predicate": {"blocking": 1, "damaged": 0, "damage": 0.6994047675}, "model": "halb/hoe/※235"},
        {"predicate": {"blocking": 1, "damaged": 0, "damage": 0.702380958}, "model": "halb/hoe/※236"},
        {"predicate": {"blocking": 1, "damaged": 0, "damage": 0.7053571485}, "model": "halb/hoe/※237"},
        {"predicate": {"blocking": 1, "damaged": 0, "damage": 0.708333339}, "model": "halb/hoe/※238"},
        {"predicate": {"blocking": 1, "damaged": 0, "damage": 0.7113095295}, "model": "halb/hoe/※239"},
        {"predicate": {"blocking": 1, "damaged": 0, "damage": 0.71428572}, "model": "halb/hoe/※240"},
        {"predicate": {"blocking": 1, "damaged": 0, "damage": 0.7172619105}, "model": "halb/hoe/※241"},
        {"predicate": {"blocking": 1, "damaged": 0, "damage": 0.720238101}, "model": "halb/hoe/※242"},
        {"predicate": {"blocking": 1, "damaged": 0, "damage": 0.7232142915}, "model": "halb/hoe/※243"},
        {"predicate": {"blocking": 1, "damaged": 0, "damage": 0.726190482}, "model": "halb/hoe/※244"},
        {"predicate": {"blocking": 1, "damaged": 0, "damage": 0.7291666725}, "model": "halb/hoe/※245"},
        {"predicate": {"blocking": 1, "damaged": 0, "damage": 0.732142863}, "model": "halb/hoe/※246"},
        {"predicate": {"blocking": 1, "damaged": 0, "damage": 0.7351190535}, "model": "halb/hoe/※247"},
        {"predicate": {"blocking": 1, "damaged": 0, "damage": 0.738095244}, "model": "halb/hoe/※248"},
        {"predicate": {"blocking": 1, "damaged": 0, "damage": 0.7410714345}, "model": "halb/hoe/※249"},
        {"predicate": {"blocking": 1, "damaged": 0, "damage": 0.744047625}, "model": "halb/hoe/※250"},
        {"predicate": {"blocking": 1, "damaged": 0, "damage": 0.7470238155}, "model": "halb/hoe/※251"},
        {"predicate": {"blocking": 1, "damaged": 0, "damage": 0.750000006}, "model": "halb/hoe/※252"},
        {"predicate": {"blocking": 1, "damaged": 0, "damage": 0.7529761965}, "model": "halb/hoe/※253"},
        {"predicate": {"blocking": 1, "damaged": 0, "damage": 0.755952387}, "model": "halb/hoe/※254"},
        {"predicate": {"blocking": 1, "damaged": 0, "damage": 0.7589285775}, "model": "halb/hoe/※255"},
        {"predicate": {"blocking": 1, "damaged": 0, "damage": 0.761904768}, "model": "halb/hoe/※256"},
        {"predicate": {"blocking": 1, "damaged": 0, "damage": 0.7648809585}, "model": "halb/hoe/※257"},
        {"predicate": {"blocking": 1, "damaged": 0, "damage": 0.767857149}, "model": "halb/hoe/※258"},
        {"predicate": {"blocking": 1, "damaged": 0, "damage": 0.7708333395}, "model": "halb/hoe/※259"},
        {"predicate": {"blocking": 1, "damaged": 0, "damage": 0.77380953}, "model": "halb/hoe/※260"},
        {"predicate": {"blocking": 1, "damaged": 0, "damage": 0.7767857205}, "model": "halb/hoe/※261"},
        {"predicate": {"blocking": 1, "damaged": 0, "damage": 0.779761911}, "model": "halb/hoe/※262"},
        {"predicate": {"blocking": 1, "damaged": 0, "damage": 0.7827381015}, "model": "halb/hoe/※263"},
        {"predicate": {"blocking": 1, "damaged": 0, "damage": 0.785714292}, "model": "halb/hoe/※264"},
        {"predicate": {"blocking": 1, "damaged": 0, "damage": 0.7886904825}, "model": "halb/hoe/※265"},
        {"predicate": {"blocking": 1, "damaged": 0, "damage": 0.791666673}, "model": "halb/hoe/※266"},
        {"predicate": {"blocking": 1, "damaged": 0, "damage": 0.7946428635}, "model": "halb/hoe/※267"},
        {"predicate": {"blocking": 1, "damaged": 0, "damage": 0.797619054}, "model": "halb/hoe/※268"},
        {"predicate": {"blocking": 1, "damaged": 0, "damage": 0.8005952445}, "model": "halb/hoe/※269"},
        {"predicate": {"blocking": 1, "damaged": 0, "damage": 0.803571435}, "model": "halb/hoe/※270"},
        {"predicate": {"blocking": 1, "damaged": 0, "damage": 0.8065476255}, "model": "halb/hoe/※271"},
        {"predicate": {"blocking": 1, "damaged": 0, "damage": 0.809523816}, "model": "halb/hoe/※272"},
        {"predicate": {"blocking": 1, "damaged": 0, "damage": 0.8125000065}, "model": "halb/hoe/※273"},
        {"predicate": {"blocking": 1, "damaged": 0, "damage": 0.815476197}, "model": "halb/hoe/※274"},
        {"predicate": {"blocking": 1, "damaged": 0, "damage": 0.8184523875}, "model": "halb/hoe/※275"},
        {"predicate": {"blocking": 1, "damaged": 0, "damage": 0.821428578}, "model": "halb/hoe/※276"},
        {"predicate": {"blocking": 1, "damaged": 0, "damage": 0.8244047685}, "model": "halb/hoe/※277"},
        {"predicate": {"blocking": 1, "damaged": 0, "damage": 0.827380959}, "model": "halb/hoe/※278"},
        {"predicate": {"blocking": 1, "damaged": 0, "damage": 0.8303571495}, "model": "halb/hoe/※279"},
        {"predicate": {"blocking": 1, "damaged": 0, "damage": 0.83333334}, "model": "halb/hoe/※280"},
        {"predicate": {"blocking": 1, "damaged": 0, "damage": 0.8363095305}, "model": "halb/hoe/※281"},
        {"predicate": {"blocking": 1, "damaged": 0, "damage": 0.839285721}, "model": "halb/hoe/※282"},
        {"predicate": {"blocking": 1, "damaged": 0, "damage": 0.8422619115}, "model": "halb/hoe/※283"},
        {"predicate": {"blocking": 1, "damaged": 0, "damage": 0.845238102}, "model": "halb/hoe/※284"},
        {"predicate": {"blocking": 1, "damaged": 0, "damage": 0.8482142925}, "model": "halb/hoe/※285"},
        {"predicate": {"blocking": 1, "damaged": 0, "damage": 0.851190483}, "model": "halb/hoe/※286"},
        {"predicate": {"blocking": 1, "damaged": 0, "damage": 0.8541666735}, "model": "halb/hoe/※287"},
        {"predicate": {"blocking": 1, "damaged": 0, "damage": 0.857142864}, "model": "halb/hoe/※288"},
        {"predicate": {"blocking": 1, "damaged": 0, "damage": 0.8601190545}, "model": "halb/hoe/※289"},
        {"predicate": {"blocking": 1, "damaged": 0, "damage": 0.863095245}, "model": "halb/hoe/※290"},
        {"predicate": {"blocking": 1, "damaged": 0, "damage": 0.8660714355}, "model": "halb/hoe/※291"},
        {"predicate": {"blocking": 1, "damaged": 0, "damage": 0.869047626}, "model": "halb/hoe/※292"},
        {"predicate": {"blocking": 1, "damaged": 0, "damage": 0.8720238165}, "model": "halb/hoe/※293"},
        {"predicate": {"blocking": 1, "damaged": 0, "damage": 0.875000007}, "model": "halb/hoe/※294"},
        {"predicate": {"blocking": 1, "damaged": 0, "damage": 0.8779761975}, "model": "halb/hoe/※295"},
        {"predicate": {"blocking": 1, "damaged": 0, "damage": 0.880952388}, "model": "halb/hoe/※296"},
        {"predicate": {"blocking": 1, "damaged": 0, "damage": 0.8839285785}, "model": "halb/hoe/※297"},
        {"predicate": {"blocking": 1, "damaged": 0, "damage": 0.886904769}, "model": "halb/hoe/※298"},
        {"predicate": {"blocking": 1, "damaged": 0, "damage": 0.8898809595}, "model": "halb/hoe/※299"},
        {"predicate": {"blocking": 1, "damaged": 0, "damage": 0.89285715}, "model": "halb/hoe/※300"},
        {"predicate": {"blocking": 1, "damaged": 0, "damage": 0.8958333405}, "model": "halb/hoe/※301"},
        {"predicate": {"blocking": 1, "damaged": 0, "damage": 0.898809531}, "model": "halb/hoe/※302"},
        {"predicate": {"blocking": 1, "damaged": 0, "damage": 0.9017857215}, "model": "halb/hoe/※303"},
        {"predicate": {"blocking": 1, "damaged": 0, "damage": 0.904761912}, "model": "halb/hoe/※304"},
        {"predicate": {"blocking": 1, "damaged": 0, "damage": 0.9077381025}, "model": "halb/hoe/※305"},
        {"predicate": {"blocking": 1, "damaged": 0, "damage": 0.910714293}, "model": "halb/hoe/※306"},
        {"predicate": {"blocking": 1, "damaged": 0, "damage": 0.9136904835}, "model": "halb/hoe/※307"},
        {"predicate": {"blocking": 1, "damaged": 0, "damage": 0.916666674}, "model": "halb/hoe/※308"},
        {"predicate": {"blocking": 1, "damaged": 0, "damage": 0.9196428645}, "model": "halb/hoe/※309"},
        {"predicate": {"blocking": 1, "damaged": 0, "damage": 0.922619055}, "model": "halb/hoe/※310"},
        {"predicate": {"blocking": 1, "damaged": 0, "damage": 0.9255952455}, "model": "halb/hoe/※311"},
        {"predicate": {"blocking": 1, "damaged": 0, "damage": 0.928571436}, "model": "halb/hoe/※312"},
        {"predicate": {"blocking": 1, "damaged": 0, "damage": 0.9315476265}, "model": "halb/hoe/※313"},
        {"predicate": {"blocking": 1, "damaged": 0, "damage": 0.934523817}, "model": "halb/hoe/※314"},
        {"predicate": {"blocking": 1, "damaged": 0, "damage": 0.9375000075}, "model": "halb/hoe/※315"},
        {"predicate": {"blocking": 1, "damaged": 0, "damage": 0.940476198}, "model": "halb/hoe/※316"},
        {"predicate": {"blocking": 1, "damaged": 0, "damage": 0.9434523885}, "model": "halb/hoe/※317"},
        {"predicate": {"blocking": 1, "damaged": 0, "damage": 0.946428579}, "model": "halb/hoe/※318"},
        {"predicate": {"blocking": 1, "damaged": 0, "damage": 0.9494047695}, "model": "halb/hoe/※319"},
        {"predicate": {"blocking": 1, "damaged": 0, "damage": 0.95238096}, "model": "halb/hoe/※320"},
        {"predicate": {"blocking": 1, "damaged": 0, "damage": 0.9553571505}, "model": "halb/hoe/※321"},
        {"predicate": {"blocking": 1, "damaged": 0, "damage": 0.958333341}, "model": "halb/hoe/※322"},
        {"predicate": {"blocking": 1, "damaged": 0, "damage": 0.9613095315}, "model": "halb/hoe/※323"},
        {"predicate": {"blocking": 1, "damaged": 0, "damage": 0.964285722}, "model": "halb/hoe/※324"},
        {"predicate": {"blocking": 1, "damaged": 0, "damage": 0.9672619125}, "model": "halb/hoe/※325"},
        {"predicate": {"blocking": 1, "damaged": 0, "damage": 0.970238103}, "model": "halb/hoe/※326"},
        {"predicate": {"blocking": 1, "damaged": 0, "damage": 0.9732142935}, "model": "halb/hoe/※327"},
        {"predicate": {"blocking": 1, "damaged": 0, "damage": 0.976190484}, "model": "halb/hoe/※328"},
        {"predicate": {"blocking": 1, "damaged": 0, "damage": 0.9791666745}, "model": "halb/hoe/※329"},
        {"predicate": {"blocking": 1, "damaged": 0, "damage": 0.982142865}, "model": "halb/hoe/※330"},
        {"predicate": {"blocking": 1, "damaged": 0, "damage": 0.9851190555}, "model": "halb/hoe/※331"},
        {"predicate": {"blocking": 1, "damaged": 0, "damage": 0.988095246}, "model": "halb/hoe/※332"},
        {"predicate": {"blocking": 1, "damaged": 0, "damage": 0.9910714365}, "model": "halb/hoe/※333"},
        {"predicate": {"blocking": 1, "damaged": 0, "damage": 0.994047627}, "model": "halb/hoe/※334"},
        {"predicate": {"blocking": 1, "damaged": 0, "damage": 0.9970238175}, "model": "halb/hoe/※335"},
        
        {"predicate": {"blocking": 1, "damaged": 1, "damage": 0}, "model": "item/shield_blocking" }
    ]
}
