{
    "parent": "item/handheld",
	"textures": {
		"layer0": "items/stone_sword"
	},
	"overrides": [
		{ "predicate": {"damaged": 0, "damage": 0.007575757575757576}, "model": "halb/sword/1"},
		{ "predicate": {"damaged": 0, "damage": 0.015151515151515152}, "model": "halb/sword/2"},
		{ "predicate": {"damaged": 0, "damage": 0.022727272727272728}, "model": "halb/sword/3"},
		{ "predicate": {"damaged": 0, "damage": 0.030303030303030304}, "model": "halb/sword/4"},
		{ "predicate": {"damaged": 0, "damage": 0.03787878787878788}, "model": "halb/sword/5"},
		{ "predicate": {"damaged": 0, "damage": 0.045454545454545456}, "model": "halb/sword/6"},
		{ "predicate": {"damaged": 0, "damage": 0.05303030303030303}, "model": "halb/sword/7"},
		{ "predicate": {"damaged": 0, "damage": 0.06060606060606061}, "model": "halb/sword/8"},
		{ "predicate": {"damaged": 0, "damage": 0.06818181818181818}, "model": "halb/sword/9"},
		{ "predicate": {"damaged": 0, "damage": 0.07575757575757576}, "model": "halb/sword/10"},
		{ "predicate": {"damaged": 0, "damage": 0.08333333333333334}, "model": "halb/sword/11"},
		{ "predicate": {"damaged": 0, "damage": 0.09090909090909091}, "model": "halb/sword/12"},
		{ "predicate": {"damaged": 0, "damage": 0.09848484848484848}, "model": "halb/sword/13"},
		{ "predicate": {"damaged": 0, "damage": 0.10606060606060606}, "model": "halb/sword/14"},
		{ "predicate": {"damaged": 0, "damage": 0.11363636363636365}, "model": "halb/sword/15"},
		{ "predicate": {"damaged": 0, "damage": 0.12121212121212122}, "model": "halb/sword/16"},
		{ "predicate": {"damaged": 0, "damage": 0.12878787878787878}, "model": "halb/sword/17"},
		{ "predicate": {"damaged": 0, "damage": 0.13636363636363635}, "model": "halb/sword/18"},
 		{ "predicate": {"damaged": 0, "damage": 0.1439393939393}, "model": "halb/sword/19"},
		{ "predicate": {"damaged": 0, "damage": 0.151515151515}, "model": "halb/sword/20"},
		{ "predicate": {"damaged": 0, "damage": 0.1590909090907}, "model": "halb/sword/21"},
		{ "predicate": {"damaged": 0, "damage": 0.1666666666664}, "model": "halb/sword/22"},
		{ "predicate": {"damaged": 0, "damage": 0.1742424242421}, "model": "halb/sword/23"},
		{ "predicate": {"damaged": 0, "damage": 0.1818181818178}, "model": "halb/sword/24"},
		{ "predicate": {"damaged": 0, "damage": 0.1893939393935}, "model": "halb/sword/25"},
		{ "predicate": {"damaged": 0, "damage": 0.1969696969692}, "model": "halb/sword/26"},
		{ "predicate": {"damaged": 0, "damage": 0.2045454545449}, "model": "halb/sword/27"},
		{ "predicate": {"damaged": 0, "damage": 0.2121212121206}, "model": "halb/sword/28"},
		{ "predicate": {"damaged": 0, "damage": 0.2196969696963}, "model": "halb/sword/29"},
		{ "predicate": {"damaged": 0, "damage": 0.227272727272}, "model": "halb/sword/30"},
		{ "predicate": {"damaged": 0, "damage": 0.2348484848477}, "model": "halb/sword/31"},
		{ "predicate": {"damaged": 0, "damage": 0.2424242424234}, "model": "halb/sword/32"},
		{ "predicate": {"damaged": 0, "damage": 0.2499999999991}, "model": "halb/sword/33"},
		{ "predicate": {"damaged": 0, "damage": 0.2575757575748}, "model": "halb/sword/34"},
		{ "predicate": {"damaged": 0, "damage": 0.2651515151505}, "model": "halb/sword/35"},
		{ "predicate": {"damaged": 0, "damage": 0.2727272727262}, "model": "halb/sword/36"},
		{ "predicate": {"damaged": 0, "damage": 0.2803030303019}, "model": "halb/sword/37"},
		{ "predicate": {"damaged": 0, "damage": 0.2878787878776}, "model": "halb/sword/38"},
		{ "predicate": {"damaged": 0, "damage": 0.2954545454533}, "model": "halb/sword/39"},
		{ "predicate": {"damaged": 0, "damage": 0.303030303029}, "model": "halb/sword/40"},
		{ "predicate": {"damaged": 0, "damage": 0.3106060606047}, "model": "halb/sword/41"},
		{ "predicate": {"damaged": 0, "damage": 0.3181818181804}, "model": "halb/sword/42"},
		{ "predicate": {"damaged": 0, "damage": 0.3257575757561}, "model": "halb/sword/43"},
		{ "predicate": {"damaged": 0, "damage": 0.3333333333318}, "model": "halb/sword/44"},
		{ "predicate": {"damaged": 0, "damage": 0.3409090909075}, "model": "halb/sword/45"},
		{ "predicate": {"damaged": 0, "damage": 0.3484848484832}, "model": "halb/sword/46"},
		{ "predicate": {"damaged": 0, "damage": 0.3560606060589}, "model": "halb/sword/47"},
		{ "predicate": {"damaged": 0, "damage": 0.3636363636346}, "model": "halb/sword/48"},
		{ "predicate": {"damaged": 0, "damage": 0.3712121212103}, "model": "halb/sword/49"},
		{ "predicate": {"damaged": 0, "damage": 0.378787878786}, "model": "halb/sword/50"},
		{ "predicate": {"damaged": 0, "damage": 0.3863636363617}, "model": "halb/sword/51"},
		{ "predicate": {"damaged": 0, "damage": 0.3939393939374}, "model": "halb/sword/52"},
		{ "predicate": {"damaged": 0, "damage": 0.4015151515131}, "model": "halb/sword/53"},
		{ "predicate": {"damaged": 0, "damage": 0.4090909090888}, "model": "halb/sword/54"},
		{ "predicate": {"damaged": 0, "damage": 0.4166666666645}, "model": "halb/sword/55"},
		{ "predicate": {"damaged": 0, "damage": 0.4242424242402}, "model": "halb/sword/56"},
		{ "predicate": {"damaged": 0, "damage": 0.4318181818159}, "model": "halb/sword/57"},
		{ "predicate": {"damaged": 0, "damage": 0.4393939393916}, "model": "halb/sword/58"},
		{ "predicate": {"damaged": 0, "damage": 0.4469696969673}, "model": "halb/sword/59"},
		{ "predicate": {"damaged": 0, "damage": 0.454545454543}, "model": "halb/sword/60"},
		{ "predicate": {"damaged": 0, "damage": 0.4621212121187}, "model": "halb/sword/61"},
		{ "predicate": {"damaged": 0, "damage": 0.4696969696944}, "model": "halb/sword/62"},
		{ "predicate": {"damaged": 0, "damage": 0.4772727272701}, "model": "halb/sword/63"},
		{ "predicate": {"damaged": 0, "damage": 0.4848484848458}, "model": "halb/sword/64"},
		{ "predicate": {"damaged": 0, "damage": 0.4924242424215}, "model": "halb/sword/65"},
		{ "predicate": {"damaged": 0, "damage": 0.4999999999972}, "model": "halb/sword/66"},
		{ "predicate": {"damaged": 0, "damage": 0.5075757575729}, "model": "halb/sword/67"},
		{ "predicate": {"damaged": 0, "damage": 0.5151515151486}, "model": "halb/sword/68"},
		{ "predicate": {"damaged": 0, "damage": 0.5227272727243}, "model": "halb/sword/69"},
		{ "predicate": {"damaged": 0, "damage": 0.5303030303}, "model": "halb/sword/70"},
		{ "predicate": {"damaged": 0, "damage": 0.5378787878757}, "model": "halb/sword/71"},
		{ "predicate": {"damaged": 0, "damage": 0.5454545454514}, "model": "halb/sword/72"},
		{ "predicate": {"damaged": 0, "damage": 0.5530303030271}, "model": "halb/sword/73"},
		{ "predicate": {"damaged": 0, "damage": 0.5606060606028}, "model": "halb/sword/74"},
		{ "predicate": {"damaged": 0, "damage": 0.5681818181785}, "model": "halb/sword/75"},
		{ "predicate": {"damaged": 0, "damage": 0.5757575757542}, "model": "halb/sword/76"},
		{ "predicate": {"damaged": 0, "damage": 0.5833333333299}, "model": "halb/sword/77"},
		{ "predicate": {"damaged": 0, "damage": 0.5909090909056}, "model": "halb/sword/78"},
		{ "predicate": {"damaged": 0, "damage": 0.5984848484813}, "model": "halb/sword/79"},
		{ "predicate": {"damaged": 0, "damage": 0.606060606057}, "model": "halb/sword/80"},
		{ "predicate": {"damaged": 0, "damage": 0.6136363636327}, "model": "halb/sword/81"},
		{ "predicate": {"damaged": 0, "damage": 0.6212121212084}, "model": "halb/sword/82"},
		{ "predicate": {"damaged": 0, "damage": 0.6287878787841}, "model": "halb/sword/83"},
		{ "predicate": {"damaged": 0, "damage": 0.6363636363598}, "model": "halb/sword/84"},
		{ "predicate": {"damaged": 0, "damage": 0.6439393939355}, "model": "halb/sword/85"},
		{ "predicate": {"damaged": 0, "damage": 0.6515151515112}, "model": "halb/sword/86"},
		{ "predicate": {"damaged": 0, "damage": 0.6590909090869}, "model": "halb/sword/87"},
		{ "predicate": {"damaged": 0, "damage": 0.6666666666626}, "model": "halb/sword/88"},
		{ "predicate": {"damaged": 0, "damage": 0.6742424242383}, "model": "halb/sword/89"},
		{ "predicate": {"damaged": 0, "damage": 0.681818181814}, "model": "halb/sword/90"},
		{ "predicate": {"damaged": 0, "damage": 0.6893939393897}, "model": "halb/sword/91"},
		{ "predicate": {"damaged": 0, "damage": 0.6969696969654}, "model": "halb/sword/92"},
		{ "predicate": {"damaged": 0, "damage": 0.7045454545411}, "model": "halb/sword/93"},
		{ "predicate": {"damaged": 0, "damage": 0.7121212121168}, "model": "halb/sword/94"},
		{ "predicate": {"damaged": 0, "damage": 0.7196969696925}, "model": "halb/sword/95"},
		{ "predicate": {"damaged": 0, "damage": 0.7272727272682}, "model": "halb/sword/96"},
		{ "predicate": {"damaged": 0, "damage": 0.7348484848439}, "model": "halb/sword/97"},
		{ "predicate": {"damaged": 0, "damage": 0.7424242424196}, "model": "halb/sword/98"},
		{ "predicate": {"damaged": 0, "damage": 0.7499999999953}, "model": "halb/sword/99"},
		{ "predicate": {"damaged": 0, "damage": 0.757575757571}, "model": "halb/sword/100"},
		{ "predicate": {"damaged": 0, "damage": 0.7651515151467}, "model": "halb/sword/101"},
		{ "predicate": {"damaged": 0, "damage": 0.7727272727224}, "model": "halb/sword/102"},
		{ "predicate": {"damaged": 0, "damage": 0.7803030302981}, "model": "halb/sword/103"},
		{ "predicate": {"damaged": 0, "damage": 0.7878787878738}, "model": "halb/sword/104"},
		{ "predicate": {"damaged": 0, "damage": 0.7954545454495}, "model": "halb/sword/105"},
		{ "predicate": {"damaged": 0, "damage": 0.8030303030252}, "model": "halb/sword/106"},
		{ "predicate": {"damaged": 0, "damage": 0.8106060606009}, "model": "halb/sword/107"},
		{ "predicate": {"damaged": 0, "damage": 0.8181818181766}, "model": "halb/sword/108"},
		{ "predicate": {"damaged": 0, "damage": 0.8257575757523}, "model": "halb/sword/109"},
		{ "predicate": {"damaged": 0, "damage": 0.833333333328}, "model": "halb/sword/110"},
		{ "predicate": {"damaged": 0, "damage": 0.8409090909037}, "model": "halb/sword/111"},
		{ "predicate": {"damaged": 0, "damage": 0.8484848484794}, "model": "halb/sword/112"},
		{ "predicate": {"damaged": 0, "damage": 0.8560606060551}, "model": "halb/sword/113"},
		{ "predicate": {"damaged": 0, "damage": 0.8636363636308}, "model": "halb/sword/114"},
		{ "predicate": {"damaged": 0, "damage": 0.8712121212065}, "model": "halb/sword/115"},
		{ "predicate": {"damaged": 0, "damage": 0.8787878787822}, "model": "halb/sword/116"},
		{ "predicate": {"damaged": 0, "damage": 0.8863636363579}, "model": "halb/sword/117"},
		{ "predicate": {"damaged": 0, "damage": 0.8939393939336}, "model": "halb/sword/118"},
		{ "predicate": {"damaged": 0, "damage": 0.9015151515093}, "model": "halb/sword/119"},
		{ "predicate": {"damaged": 0, "damage": 0.909090909085}, "model": "halb/sword/120"},
		{ "predicate": {"damaged": 0, "damage": 0.9166666666607}, "model": "halb/sword/121"},
		{ "predicate": {"damaged": 0, "damage": 0.9242424242364}, "model": "halb/sword/122"},
		{ "predicate": {"damaged": 0, "damage": 0.9318181818121}, "model": "halb/sword/123"},
		{ "predicate": {"damaged": 0, "damage": 0.9393939393878}, "model": "halb/sword/124"},
		{ "predicate": {"damaged": 0, "damage": 0.9469696969635}, "model": "halb/sword/125"},
		{ "predicate": {"damaged": 0, "damage": 0.9545454545392}, "model": "halb/sword/126"},
		{ "predicate": {"damaged": 0, "damage": 0.9621212121149}, "model": "halb/sword/127"},
		{ "predicate": {"damaged": 0, "damage": 0.9696969696906}, "model": "halb/sword/128"},
		{ "predicate": {"damaged": 0, "damage": 0.9772727272663}, "model": "halb/sword/129"},
		{ "predicate": {"damaged": 0, "damage": 0.984848484842}, "model": "halb/sword/130"},
		{ "predicate": {"damaged": 0, "damage": 0.9924242424177}, "model": "halb/sword/131"},
		{ "predicate": {"damaged": 1, "damage": 0}, "model": "item/stone_sword"}
	]
}
