{
    "parent": "item/handheld",
    "textures": {
        "layer0": "items/wood_pickaxe"
    },
	"overrides": [		
		{ "predicate": {"damaged": 0, "damage": 0.0169491525}, "model": "halb/wood_pickaxe/1"},
		{ "predicate": {"damaged": 0, "damage": 0.033898305}, "model": "halb/wood_pickaxe/2"},
		{ "predicate": {"damaged": 0, "damage": 0.0508474575}, "model": "halb/wood_pickaxe/3"},
		{ "predicate": {"damaged": 0, "damage": 0.06779661}, "model": "halb/wood_pickaxe/4"},
		{ "predicate": {"damaged": 0, "damage": 0.0847457625}, "model": "halb/wood_pickaxe/5"},
		{ "predicate": {"damaged": 0, "damage": 0.101694915}, "model": "halb/wood_pickaxe/6"},
		{ "predicate": {"damaged": 0, "damage": 0.1186440675}, "model": "halb/wood_pickaxe/7"},
		{ "predicate": {"damaged": 0, "damage": 0.13559322}, "model": "halb/wood_pickaxe/8"},
		{ "predicate": {"damaged": 0, "damage": 0.1525423725}, "model": "halb/wood_pickaxe/9"},
		{ "predicate": {"damaged": 0, "damage": 0.169491525}, "model": "halb/wood_pickaxe/10"},
		{ "predicate": {"damaged": 0, "damage": 0.1864406775}, "model": "halb/wood_pickaxe/11"},
		{ "predicate": {"damaged": 0, "damage": 0.20338983}, "model": "halb/wood_pickaxe/12"},
		{ "predicate": {"damaged": 0, "damage": 0.2203389825}, "model": "halb/wood_pickaxe/13"},
		{ "predicate": {"damaged": 0, "damage": 0.237288135}, "model": "halb/wood_pickaxe/14"},
		{ "predicate": {"damaged": 0, "damage": 0.2542372875}, "model": "halb/wood_pickaxe/15"},
		{ "predicate": {"damaged": 0, "damage": 0.27118644}, "model": "halb/wood_pickaxe/16"},
		{ "predicate": {"damaged": 0, "damage": 0.2881355925}, "model": "halb/wood_pickaxe/17"},
		{ "predicate": {"damaged": 0, "damage": 0.305084745}, "model": "halb/wood_pickaxe/18"},
		{ "predicate": {"damaged": 0, "damage": 0.3220338975}, "model": "halb/wood_pickaxe/19"},
		{ "predicate": {"damaged": 0, "damage": 0.33898305}, "model": "halb/wood_pickaxe/20"},
		{ "predicate": {"damaged": 0, "damage": 0.3559322025}, "model": "halb/wood_pickaxe/21"},
		{ "predicate": {"damaged": 0, "damage": 0.372881355}, "model": "halb/wood_pickaxe/22"},
		{ "predicate": {"damaged": 0, "damage": 0.3898305075}, "model": "halb/wood_pickaxe/23"},
		{ "predicate": {"damaged": 0, "damage": 0.40677966}, "model": "halb/wood_pickaxe/24"},
		{ "predicate": {"damaged": 0, "damage": 0.4237288125}, "model": "halb/wood_pickaxe/25"},
		{ "predicate": {"damaged": 0, "damage": 0.440677965}, "model": "halb/wood_pickaxe/26"},
		{ "predicate": {"damaged": 0, "damage": 0.4576271175}, "model": "halb/wood_pickaxe/27"},
		{ "predicate": {"damaged": 0, "damage": 0.47457627}, "model": "halb/wood_pickaxe/28"},
		{ "predicate": {"damaged": 0, "damage": 0.4915254225}, "model": "halb/wood_pickaxe/29"},
		{ "predicate": {"damaged": 0, "damage": 0.508474575}, "model": "halb/wood_pickaxe/30"},
		{ "predicate": {"damaged": 0, "damage": 0.5254237275}, "model": "halb/wood_pickaxe/31"},
		{ "predicate": {"damaged": 0, "damage": 0.54237288}, "model": "halb/wood_pickaxe/32"},
		{ "predicate": {"damaged": 0, "damage": 0.5593220325}, "model": "halb/wood_pickaxe/33"},
		{ "predicate": {"damaged": 0, "damage": 0.576271185}, "model": "halb/wood_pickaxe/34"},
		{ "predicate": {"damaged": 0, "damage": 0.5932203375}, "model": "halb/wood_pickaxe/35"},
		{ "predicate": {"damaged": 0, "damage": 0.61016949}, "model": "halb/wood_pickaxe/36"},
		{ "predicate": {"damaged": 0, "damage": 0.6271186425}, "model": "halb/wood_pickaxe/37"},
		{ "predicate": {"damaged": 0, "damage": 0.644067795}, "model": "halb/wood_pickaxe/38"},
		{ "predicate": {"damaged": 0, "damage": 0.6610169475}, "model": "halb/wood_pickaxe/39"},
		{ "predicate": {"damaged": 0, "damage": 0.6779661}, "model": "halb/wood_pickaxe/40"},
		{ "predicate": {"damaged": 0, "damage": 0.6949152525}, "model": "halb/wood_pickaxe/41"},
		{ "predicate": {"damaged": 0, "damage": 0.711864405}, "model": "halb/wood_pickaxe/42"},
		{ "predicate": {"damaged": 0, "damage": 0.7288135575}, "model": "halb/wood_pickaxe/43"},
		{ "predicate": {"damaged": 0, "damage": 0.74576271}, "model": "halb/wood_pickaxe/44"},
		{ "predicate": {"damaged": 0, "damage": 0.7627118625}, "model": "halb/wood_pickaxe/45"},
		{ "predicate": {"damaged": 0, "damage": 0.779661015}, "model": "halb/wood_pickaxe/46"},
		{ "predicate": {"damaged": 0, "damage": 0.7966101675}, "model": "halb/wood_pickaxe/47"},
		{ "predicate": {"damaged": 0, "damage": 0.81355932}, "model": "halb/wood_pickaxe/48"},
		{ "predicate": {"damaged": 0, "damage": 0.8305084725}, "model": "halb/wood_pickaxe/49"},
		{ "predicate": {"damaged": 0, "damage": 0.847457625}, "model": "halb/wood_pickaxe/50"},
		{ "predicate": {"damaged": 0, "damage": 0.8644067775}, "model": "halb/wood_pickaxe/51"},
		{ "predicate": {"damaged": 0, "damage": 0.88135593}, "model": "halb/wood_pickaxe/52"},
		{ "predicate": {"damaged": 0, "damage": 0.8983050825}, "model": "halb/wood_pickaxe/53"},
		{ "predicate": {"damaged": 0, "damage": 0.915254235}, "model": "halb/wood_pickaxe/54"},
		{ "predicate": {"damaged": 0, "damage": 0.9322033875}, "model": "halb/wood_pickaxe/55"},
		{ "predicate": {"damaged": 0, "damage": 0.94915254}, "model": "halb/wood_pickaxe/56"},
		{ "predicate": {"damaged": 0, "damage": 0.9661016925}, "model": "halb/wood_pickaxe/57"},
		{ "predicate": {"damaged": 0, "damage": 0.983050845}, "model": "halb/wood_pickaxe/58"},
		{ "predicate": {"damaged": 1, "damage": 0}, "model": "item/wooden_pickaxe"}
	]
}