{
  "parent": "item/handheld",
  "textures": {
    "layer0": "items/wood_hoe"
  },
  "overrides": [
    {"predicate": {"damaged": 0, "damage": 0.01666666666667}, "model": "item/custom/old_survival_wand1"},
    {"predicate": {"damaged": 0, "damage": 0.03333333333333}, "model": "item/custom/old_survival_wand2"},
    {"predicate": {"damaged": 0, "damage": 0.05}, "model": "item/custom/survival_wand1"},
    {"predicate": {"damaged": 0, "damage": 0.06666666666667}, "model": "item/custom/survival_wand2"},
    {"predicate": {"damaged": 0, "damage": 0.08333333333333}, "model": "item/custom/staff_survival1"},
    {"predicate": {"damaged": 0, "damage": 0.1}, "model": "item/custom/staff_gandalf"},
    {"predicate": {"damaged": 0, "damage": 0.11666666666667}, "model": "item/custom/staff_wolf"},
    {"predicate": {"damaged": 0, "damage": 0.13333333333333}, "model": "item/custom/wolf_wand"},
    {"predicate": {"damaged": 0, "damage": 0.15}, "model": "item/custom/staff_magicka"},
    {"predicate": {"damaged": 0, "damage": 0.16666666666667}, "model": "item/custom/moon_wand"},
    {"predicate": {"damaged": 0, "damage": 0.18333333333333}, "model": "item/custom/broomstick"},
    {"predicate": {"damaged": 0, "damage": 0.2}, "model": "item/custom/blaster"},
    {"predicate": {"damaged": 0, "damage": 0.21666666666667}, "model": "item/saber/lightsaber_hilt"},
    {"predicate": {"damaged": 0, "damage": 0.23333333333333}, "model": "item/saber/lightsaber_hilt"},
    {"predicate": {"damaged": 0, "damage": 0.25}, "model": "item/custom/hat_cloak"},
    {"predicate": {"damaged": 0, "damage": 0.26666666666667}, "model": "item/custom/hat_eye"},
    {"predicate": {"damaged": 0, "damage": 0.28333333333333}, "model": "item/custom/magic_hat"},
    {"predicate": {"damaged": 0, "damage": 0.3}, "model": "item/custom/ocarina"},
    {"predicate": {"damaged": 0, "damage": 0.31666666666666665}, "model": "item/bending/airbending"},
    {"predicate": {"damaged": 0, "damage": 0.3333333333333333}, "model": "item/bending/waterbending"},
    {"predicate": {"damaged": 0, "damage": 0.35}, "model": "item/bending/earthbending"},
    {"predicate": {"damaged": 0, "damage": 0.36666666666666664}, "model": "item/bending/firebending"},
    {"predicate": {"damaged": 0, "damage": 0.3833333333333333}, "model": "item/bending/avatar"},
    {"predicate": {"damaged": 0, "damage": 0.4}, "model": "item/flat/skinny"},
    {"predicate": {"damaged": 0, "damage": 0.4166666666666667}, "model": "item/flat/black"},
    {"predicate": {"damaged": 0, "damage": 0.43333333333333335}, "model": "item/flat/brown"},
    {"predicate": {"damaged": 0, "damage": 0.45}, "model": "item/flat/elder"},
    {"predicate": {"damaged": 0, "damage": 0.4666666666666667}, "model": "item/flat/wolf"},
    {"predicate": {"damaged": 0, "damage": 0.48333333333333334}, "model": "item/custom/broomstick2"},
    {"predicate": {"damaged": 0, "damage": 0.5}, "model": "item/custom/crystalball"},
    {"predicate": {"damaged": 0, "damage": 0.5166666666666666}, "model": "item/custom/enchantedbook"},
    {"predicate": {"damaged": 0, "damage": 0.533333333333333}, "model": "item/custom/extinguisher"},
    {"predicate": {"damaged": 1, "damage": 0}, "model": "item/wooden_hoe"}
  ]
}
