{
	"__comment": "Designed by Eiinnee with Cubik Studio - https://cubik.studio",
	"textures": {
		"particle": "blocks/e_particle",
		"texture": "blocks/e_texture",
		"iron_block": "blocks/iron_block",
		"portal": "blocks/portal",
		"planks_birch": "blocks/planks_birch",
		"wool_colored_black": "blocks/wool_colored_black",
		"quartz_block_lines_top": "blocks/quartz_block_lines_top"
	},
	"elements": [ 	 
		{
			"__comment": "Box1",
			"from": [ 3.5, 13, 6 ],
			"to": [ 12, 14, 17 ],
			"faces": {
				"down": { "uv": [ 0, 16, 16, 0 ], "texture": "#iron_block" },
				"up": { "uv": [ 0, 0, 16, 16 ], "texture": "#iron_block" },
				"north": { "uv": [ 16, 0, 0, 0.5 ], "texture": "#iron_block" },
				"south": { "uv": [ 0, 15.5, 16, 16 ], "texture": "#iron_block" },
				"west": { "uv": [ 0, 0, 0.5, 16 ], "texture": "#iron_block", "rotation": 270 },
				"east": { "uv": [ 16, 16, 15.5, 0 ], "texture": "#iron_block", "rotation": 270 }
			}
		},
		{
			"__comment": "Box2",
			"from": [ 6.25, 13.625, 10 ],
			"to": [ 9.25, 14.125, 13 ],
			"faces": {
				"down": { "uv": [ 0, 16, 16, 0 ], "texture": "#portal" },
				"up": { "uv": [ 0, 0, 16, 16 ], "texture": "#portal" },
				"north": { "uv": [ 16, 0, 0, 0.015625 ], "texture": "#portal" },
				"south": { "uv": [ 0, 15.98438, 16, 16 ], "texture": "#portal" },
				"west": { "uv": [ 0, 0, 0.5, 16 ], "texture": "#portal", "rotation": 270 },
				"east": { "uv": [ 16, 16, 15.5, 0 ], "texture": "#portal", "rotation": 270 }
			}
		},
		{
			"__comment": "Box3",
			"from": [ 3.625, 6.125, 8.375 ],
			"to": [ 11.625, 7.125, 10.375 ],
			"faces": {
				"down": { "uv": [ 0, 16, 16, 0 ], "texture": "#planks_birch" },
				"up": { "uv": [ 0, 0, 16, 16 ], "texture": "#planks_birch" },
				"north": { "uv": [ 16, 0, 0, 0.5 ], "texture": "#planks_birch" },
				"south": { "uv": [ 0, 15.5, 16, 16 ], "texture": "#planks_birch" },
				"west": { "uv": [ 0, 0, 0.5, 16 ], "texture": "#planks_birch", "rotation": 270 },
				"east": { "uv": [ 16, 16, 15.5, 0 ], "texture": "#planks_birch", "rotation": 270 }
			}
		},
		{
			"__comment": "Box4",
			"from": [ 3.5, 7, 0 ],
			"to": [ 12, 13, 17 ],
			"faces": {
				"down": { "uv": [ 0, 16, 16, 0 ], "texture": "#wool_colored_black" },
				"up": { "uv": [ 0, 0, 16, 16 ], "texture": "#wool_colored_black" },
				"north": { "uv": [ 16, 0, 0, 0.5 ], "texture": "#wool_colored_black" },
				"south": { "uv": [ 0, 15.5, 16, 16 ], "texture": "#wool_colored_black" },
				"west": { "uv": [ 0, 0, 0.5, 16 ], "texture": "#wool_colored_black", "rotation": 270 },
				"east": { "uv": [ 16, 16, 15.5, 0 ], "texture": "#wool_colored_black", "rotation": 270 }
			}
		},
		{
			"__comment": "Box1",
			"from": [ 3.5, 13, 0 ],
			"to": [ 12, 14, 5.5 ],
			"faces": {
				"down": { "uv": [ 0, 16, 16, 0 ], "texture": "#iron_block" },
				"up": { "uv": [ 0, 0, 16, 16 ], "texture": "#iron_block" },
				"north": { "uv": [ 16, 0, 0, 0.5 ], "texture": "#iron_block" },
				"south": { "uv": [ 0, 15.5, 16, 16 ], "texture": "#iron_block" },
				"west": { "uv": [ 0, 0, 0.5, 16 ], "texture": "#iron_block", "rotation": 270 },
				"east": { "uv": [ 16, 16, 15.5, 0 ], "texture": "#iron_block", "rotation": 270 }
			}
		},
		{
			"__comment": "Box1",
			"from": [ 4, 7, -3 ],
			"to": [ 11.5, 12, 1 ],
			"rotation": { "origin": [ 4, 7, 1 ], "axis": "x", "angle": 22.5 },
			"faces": {
				"down": { "uv": [ 16, 0, 0, 16 ], "texture": "#iron_block" },
				"up": { "uv": [ 0, 16, 16, 0 ], "texture": "#iron_block" },
				"north": { "uv": [ 16, 16, 0, 0 ], "texture": "#iron_block" },
				"south": { "uv": [ 0, 16, 16, 0 ], "texture": "#iron_block" },
				"west": { "uv": [ 0, 16, 16, 0 ], "texture": "#iron_block", "rotation": 270 },
				"east": { "uv": [ 0, 16, 16, 0 ], "texture": "#iron_block", "rotation": 90 }
			}
		},
		{
			"__comment": "Box1",
			"from": [ 3.125, 9.625, 1.875 ],
			"to": [ 4.125, 12.625, 5.875 ],
			"faces": {
				"down": { "uv": [ 16, 0, 0, 16 ], "texture": "#iron_block" },
				"up": { "uv": [ 0, 16, 16, 0 ], "texture": "#iron_block" },
				"north": { "uv": [ 16, 16, 0, 0 ], "texture": "#iron_block" },
				"south": { "uv": [ 0, 16, 16, 0 ], "texture": "#iron_block" },
				"west": { "uv": [ 0, 16, 8, 0 ], "texture": "#iron_block", "rotation": 90 },
				"east": { "uv": [ 0, 16, 8, 0 ], "texture": "#iron_block", "rotation": 90 }
			}
		},
		{
			"__comment": "Box1",
			"from": [ 3.125, 7.125, -2 ],
			"to": [ 4.125, 9.625, 2 ],
			"faces": {
				"down": { "uv": [ 16, 0, 0, 16 ], "texture": "#iron_block" },
				"up": { "uv": [ 0, 16, 16, 0 ], "texture": "#iron_block" },
				"north": { "uv": [ 16, 16, 0, 0 ], "texture": "#iron_block" },
				"south": { "uv": [ 0, 16, 16, 0 ], "texture": "#iron_block" },
				"west": { "uv": [ 0, 16, 16, 7.5 ], "texture": "#iron_block", "rotation": 270 },
				"east": { "uv": [ 0, 16, 16, 7.5 ], "texture": "#iron_block", "rotation": 90 }
			}
		},
		{
			"__comment": "Box1",
			"from": [ 3.125, 7, 3.875 ],
			"to": [ 4.125, 9.5, 5.875 ],
			"faces": {
				"down": { "uv": [ 16, 0, 0, 16 ], "texture": "#iron_block" },
				"up": { "uv": [ 0, 16, 16, 0 ], "texture": "#iron_block" },
				"north": { "uv": [ 16, 16, 0, 0 ], "texture": "#iron_block" },
				"south": { "uv": [ 0, 16, 16, 0 ], "texture": "#iron_block" },
				"west": { "uv": [ 3.5, 16, 16, 9 ], "texture": "#iron_block", "rotation": 90 },
				"east": { "uv": [ 4.5, 16, 16, 5.5 ], "texture": "#iron_block", "rotation": 180 }
			}
		},
		{
			"__comment": "Box1",
			"from": [ 3.125, 7, 2 ],
			"to": [ 4.125, 9.5, 4 ],
			"faces": {
				"down": { "uv": [ 16, 0, 0, 16 ], "texture": "#iron_block" },
				"up": { "uv": [ 0, 16, 16, 0 ], "texture": "#iron_block" },
				"north": { "uv": [ 16, 16, 0, 0 ], "texture": "#iron_block" },
				"south": { "uv": [ 0, 16, 16, 0 ], "texture": "#iron_block" },
				"west": { "uv": [ 4, 16, 12.5, 2.5 ], "texture": "#iron_block", "rotation": 180 },
				"east": { "uv": [ 4, 16, 12.5, 2.5 ], "texture": "#iron_block", "rotation": 180 }
			}
		},
		{
			"__comment": "Box1",
			"from": [ 11.75, 6.5, 6.25 ],
			"to": [ 12.75, 13, 17.25 ],
			"faces": {
				"down": { "uv": [ 0.5, 16, 0, 0 ], "texture": "#iron_block" },
				"up": { "uv": [ 16, 16, 15.5, 0 ], "texture": "#iron_block", "rotation": 180 },
				"north": { "uv": [ 16, 0, 0, 0.5 ], "texture": "#iron_block", "rotation": 90 },
				"south": { "uv": [ 0, 15.5, 16, 16 ], "texture": "#iron_block", "rotation": 270 },
				"west": { "uv": [ 0, 0, 16, 16 ], "texture": "#iron_block", "rotation": 270 },
				"east": { "uv": [ 16, 0, 0, 16 ], "texture": "#iron_block", "rotation": 90 }
			}
		},
		{
			"__comment": "Box1",
			"from": [ 2.75, 6.5, 6.25 ],
			"to": [ 3.75, 13, 17.25 ],
			"faces": {
				"down": { "uv": [ 16, 16, 15.5, 0 ], "texture": "#iron_block" },
				"up": { "uv": [ 0.5, 16, 0, 0 ], "texture": "#iron_block", "rotation": 180 },
				"north": { "uv": [ 16, 0, 0, 0.5 ], "texture": "#iron_block", "rotation": 270 },
				"south": { "uv": [ 0, 15.5, 16, 16 ], "texture": "#iron_block", "rotation": 90 },
				"west": { "uv": [ 0, 16, 16, 0 ], "texture": "#iron_block", "rotation": 90 },
				"east": { "uv": [ 16, 16, 0, 0 ], "texture": "#iron_block", "rotation": 270 }
			}
		},
		{
			"__comment": "Box3",
			"from": [ 3.5, 6.125, 13.375 ],
			"to": [ 11.5, 7.125, 15.375 ],
			"faces": {
				"down": { "uv": [ 0, 16, 16, 0 ], "texture": "#planks_birch" },
				"up": { "uv": [ 0, 0, 16, 16 ], "texture": "#planks_birch" },
				"north": { "uv": [ 16, 0, 0, 0.5 ], "texture": "#planks_birch" },
				"south": { "uv": [ 0, 15.5, 16, 16 ], "texture": "#planks_birch" },
				"west": { "uv": [ 0, 0, 0.5, 16 ], "texture": "#planks_birch", "rotation": 270 },
				"east": { "uv": [ 16, 16, 15.5, 0 ], "texture": "#planks_birch", "rotation": 270 }
			}
		},
		{
			"__comment": "Box3",
			"from": [ 5.625, 13.5, 10.5 ],
			"to": [ 6.625, 14.5, 12.5 ],
			"faces": {
				"down": { "uv": [ 0, 16, 16, 0 ], "texture": "#planks_birch" },
				"up": { "uv": [ 0, 0, 16, 16 ], "texture": "#planks_birch" },
				"north": { "uv": [ 16, 0, 0, 0.5 ], "texture": "#planks_birch" },
				"south": { "uv": [ 0, 15.5, 16, 16 ], "texture": "#planks_birch" },
				"west": { "uv": [ 0, 0, 0.5, 16 ], "texture": "#planks_birch", "rotation": 270 },
				"east": { "uv": [ 16, 16, 15.5, 0 ], "texture": "#planks_birch", "rotation": 270 }
			}
		},
		{
			"__comment": "Box3",
			"from": [ 8.75, 13.5, 10.5 ],
			"to": [ 9.75, 14.5, 12.5 ],
			"faces": {
				"down": { "uv": [ 0, 16, 16, 0 ], "texture": "#planks_birch" },
				"up": { "uv": [ 0, 0, 16, 16 ], "texture": "#planks_birch" },
				"north": { "uv": [ 16, 0, 0, 0.5 ], "texture": "#planks_birch" },
				"south": { "uv": [ 0, 15.5, 16, 16 ], "texture": "#planks_birch" },
				"west": { "uv": [ 0, 0, 0.5, 16 ], "texture": "#planks_birch", "rotation": 270 },
				"east": { "uv": [ 16, 16, 15.5, 0 ], "texture": "#planks_birch", "rotation": 270 }
			}
		},
		{
			"__comment": "Box3",
			"from": [ 6.75, 13.5, 12.75 ],
			"to": [ 8.75, 14.5, 13.75 ],
			"faces": {
				"down": { "uv": [ 0, 16, 16, 0 ], "texture": "#planks_birch", "rotation": 90 },
				"up": { "uv": [ 0, 0, 16, 16 ], "texture": "#planks_birch", "rotation": 270 },
				"north": { "uv": [ 16, 16, 15.5, 0 ], "texture": "#planks_birch", "rotation": 270 },
				"south": { "uv": [ 0, 0, 0.5, 16 ], "texture": "#planks_birch", "rotation": 270 },
				"west": { "uv": [ 16, 0, 0, 0.5 ], "texture": "#planks_birch" },
				"east": { "uv": [ 0, 15.5, 16, 16 ], "texture": "#planks_birch" }
			}
		},
		{
			"__comment": "Box3",
			"from": [ 6.75, 13.5, 9.25 ],
			"to": [ 8.75, 14.5, 10.25 ],
			"faces": {
				"down": { "uv": [ 0, 16, 16, 0 ], "texture": "#planks_birch", "rotation": 90 },
				"up": { "uv": [ 0, 0, 16, 16 ], "texture": "#planks_birch", "rotation": 270 },
				"north": { "uv": [ 16, 16, 15.5, 0 ], "texture": "#planks_birch", "rotation": 270 },
				"south": { "uv": [ 0, 0, 0.5, 16 ], "texture": "#planks_birch", "rotation": 270 },
				"west": { "uv": [ 16, 0, 0, 0.5 ], "texture": "#planks_birch" },
				"east": { "uv": [ 0, 15.5, 16, 16 ], "texture": "#planks_birch" }
			}
		},
		{
			"__comment": "Box3",
			"from": [ 8.5, 13.25, 12.875 ],
			"to": [ 10.5, 14.25, 13.875 ],
			"rotation": { "origin": [ 8.5, 13.25, 13.875 ], "axis": "y", "angle": 45 },
			"faces": {
				"down": { "uv": [ 0, 16, 16, 0 ], "texture": "#planks_birch", "rotation": 90 },
				"up": { "uv": [ 0, 0, 16, 16 ], "texture": "#planks_birch", "rotation": 270 },
				"north": { "uv": [ 16, 16, 15.5, 0 ], "texture": "#planks_birch", "rotation": 270 },
				"south": { "uv": [ 0, 0, 0.5, 16 ], "texture": "#planks_birch", "rotation": 270 },
				"west": { "uv": [ 16, 0, 0, 0.5 ], "texture": "#planks_birch" },
				"east": { "uv": [ 0, 15.5, 16, 16 ], "texture": "#planks_birch" }
			}
		},
		{
			"__comment": "Box3",
			"from": [ 6.25, 13.25, 10.375 ],
			"to": [ 8.25, 14.25, 11.375 ],
			"rotation": { "origin": [ 6.25, 13.25, 11.375 ], "axis": "y", "angle": 45 },
			"faces": {
				"down": { "uv": [ 0, 16, 16, 0 ], "texture": "#planks_birch", "rotation": 90 },
				"up": { "uv": [ 0, 0, 16, 16 ], "texture": "#planks_birch", "rotation": 270 },
				"north": { "uv": [ 16, 16, 15.5, 0 ], "texture": "#planks_birch", "rotation": 270 },
				"south": { "uv": [ 0, 0, 0.5, 16 ], "texture": "#planks_birch", "rotation": 270 },
				"west": { "uv": [ 16, 0, 0, 0.5 ], "texture": "#planks_birch" },
				"east": { "uv": [ 0, 15.5, 16, 16 ], "texture": "#planks_birch" }
			}
		},
		{
			"__comment": "Box3",
			"from": [ 6.75, 13.25, 11.125 ],
			"to": [ 7.75, 14.25, 13.125 ],
			"rotation": { "origin": [ 7.75, 13.25, 13.125 ], "axis": "y", "angle": 45 },
			"faces": {
				"down": { "uv": [ 0, 16, 16, 0 ], "texture": "#planks_birch", "rotation": 180 },
				"up": { "uv": [ 0, 0, 16, 16 ], "texture": "#planks_birch", "rotation": 180 },
				"north": { "uv": [ 0, 15.5, 16, 16 ], "texture": "#planks_birch" },
				"south": { "uv": [ 16, 0, 0, 0.5 ], "texture": "#planks_birch" },
				"west": { "uv": [ 16, 16, 15.5, 0 ], "texture": "#planks_birch", "rotation": 270 },
				"east": { "uv": [ 0, 0, 0.5, 16 ], "texture": "#planks_birch", "rotation": 270 }
			}
		},
		{
			"__comment": "Box3",
			"from": [ 8.875, 13.25, 8.625 ],
			"to": [ 9.875, 14.25, 10.625 ],
			"rotation": { "origin": [ 9.875, 13.25, 10.625 ], "axis": "y", "angle": 45 },
			"faces": {
				"down": { "uv": [ 0, 16, 16, 0 ], "texture": "#planks_birch", "rotation": 180 },
				"up": { "uv": [ 0, 0, 16, 16 ], "texture": "#planks_birch", "rotation": 180 },
				"north": { "uv": [ 0, 15.5, 16, 16 ], "texture": "#planks_birch" },
				"south": { "uv": [ 16, 0, 0, 0.5 ], "texture": "#planks_birch" },
				"west": { "uv": [ 16, 16, 15.5, 0 ], "texture": "#planks_birch", "rotation": 270 },
				"east": { "uv": [ 0, 0, 0.5, 16 ], "texture": "#planks_birch", "rotation": 270 }
			}
		},
		{
			"__comment": "Box4",
			"from": [ 5.375, 5.875, -0.875 ],
			"to": [ 6.575, 8.875, 0.325 ],
			"rotation": { "origin": [ 5.375, 5.875, -0.875 ], "axis": "x", "angle": -22.5 },
			"faces": {
				"down": { "uv": [ 0, 16, 16, 0 ], "texture": "#wool_colored_black" },
				"up": { "uv": [ 0, 0, 16, 16 ], "texture": "#wool_colored_black" },
				"north": { "uv": [ 16, 0, 0, 0.5 ], "texture": "#wool_colored_black" },
				"south": { "uv": [ 0, 15.5, 16, 16 ], "texture": "#wool_colored_black" },
				"west": { "uv": [ 0, 0, 0.5, 16 ], "texture": "#wool_colored_black", "rotation": 270 },
				"east": { "uv": [ 16, 16, 15.5, 0 ], "texture": "#wool_colored_black", "rotation": 270 }
			}
		},
		{
			"__comment": "Box4",
			"from": [ 5.375, 5.875, -0.725 ],
			"to": [ 6.575, 7.075, 2.275 ],
			"faces": {
				"down": { "uv": [ 0, 0.5, 16, 0 ], "texture": "#wool_colored_black" },
				"up": { "uv": [ 0, 15.5, 16, 16 ], "texture": "#wool_colored_black" },
				"north": { "uv": [ 16, 16, 0, 0 ], "texture": "#wool_colored_black" },
				"south": { "uv": [ 0, 16, 16, 0 ], "texture": "#wool_colored_black" },
				"west": { "uv": [ 0, 0, 0.5, 16 ], "texture": "#wool_colored_black", "rotation": 180 },
				"east": { "uv": [ 16, 16, 15.5, 0 ], "texture": "#wool_colored_black" }
			}
		},
		{
			"__comment": "Box4",
			"from": [ 5.6, 5.725, -1.175 ],
			"to": [ 6.35, 8.725, -0.8749999 ],
			"rotation": { "origin": [ 5.6, 5.725, -1.175 ], "axis": "x", "angle": -22.5 },
			"faces": {
				"down": { "uv": [ 0, 16, 16, 0 ], "texture": "#quartz_block_lines_top" },
				"up": { "uv": [ 0, 0, 16, 16 ], "texture": "#quartz_block_lines_top" },
				"north": { "uv": [ 16, 0, 0, 0.5 ], "texture": "#quartz_block_lines_top" },
				"south": { "uv": [ 0, 15.5, 16, 16 ], "texture": "#quartz_block_lines_top" },
				"west": { "uv": [ 0, 0, 0.5, 16 ], "texture": "#quartz_block_lines_top", "rotation": 270 },
				"east": { "uv": [ 16, 16, 15.5, 0 ], "texture": "#quartz_block_lines_top", "rotation": 270 }
			}
		},
		{
			"__comment": "Box4",
			"from": [ 5.6, 5.6125, -0.6875 ],
			"to": [ 6.35, 5.9125, 1.8625 ],
			"faces": {
				"down": { "uv": [ 0, 15.5, 16, 16 ], "texture": "#quartz_block_lines_top" },
				"up": { "uv": [ 0, 0.5, 16, 0 ], "texture": "#quartz_block_lines_top" },
				"north": { "uv": [ 16, 0, 0, 16 ], "texture": "#quartz_block_lines_top" },
				"south": { "uv": [ 0, 0, 16, 16 ], "texture": "#quartz_block_lines_top" },
				"west": { "uv": [ 0, 0, 0.5, 16 ], "texture": "#quartz_block_lines_top" },
				"east": { "uv": [ 16, 16, 15.5, 0 ], "texture": "#quartz_block_lines_top", "rotation": 180 }
			}
		},
		{
			"__comment": "Box4",
			"from": [ 6.8375, 5.7625, -1.2875 ],
			"to": [ 7.5875, 8.7625, -0.9875 ],
			"rotation": { "origin": [ 6.8375, 5.7625, -1.2875 ], "axis": "x", "angle": -22.5 },
			"faces": {
				"down": { "uv": [ 0, 16, 16, 0 ], "texture": "#quartz_block_lines_top" },
				"up": { "uv": [ 0, 0, 16, 16 ], "texture": "#quartz_block_lines_top" },
				"north": { "uv": [ 16, 0, 0, 0.5 ], "texture": "#quartz_block_lines_top" },
				"south": { "uv": [ 0, 15.5, 16, 16 ], "texture": "#quartz_block_lines_top" },
				"west": { "uv": [ 0, 0, 0.5, 16 ], "texture": "#quartz_block_lines_top", "rotation": 270 },
				"east": { "uv": [ 16, 16, 15.5, 0 ], "texture": "#quartz_block_lines_top", "rotation": 270 }
			}
		},
		{
			"__comment": "Box4",
			"from": [ 6.6125, 5.9125, -0.9875 ],
			"to": [ 7.8125, 8.9125, 0.2125001 ],
			"rotation": { "origin": [ 6.6125, 5.9125, -0.9875 ], "axis": "x", "angle": -22.5 },
			"faces": {
				"down": { "uv": [ 0, 16, 16, 0 ], "texture": "#wool_colored_black" },
				"up": { "uv": [ 0, 0, 16, 16 ], "texture": "#wool_colored_black" },
				"north": { "uv": [ 16, 0, 0, 0.5 ], "texture": "#wool_colored_black" },
				"south": { "uv": [ 0, 15.5, 16, 16 ], "texture": "#wool_colored_black" },
				"west": { "uv": [ 0, 0, 0.5, 16 ], "texture": "#wool_colored_black", "rotation": 270 },
				"east": { "uv": [ 16, 16, 15.5, 0 ], "texture": "#wool_colored_black", "rotation": 270 }
			}
		},
		{
			"__comment": "Box4",
			"from": [ 6.6125, 5.9125, -0.8375 ],
			"to": [ 7.8125, 7.1125, 2.1625 ],
			"faces": {
				"down": { "uv": [ 0, 0.5, 16, 0 ], "texture": "#wool_colored_black" },
				"up": { "uv": [ 0, 15.5, 16, 16 ], "texture": "#wool_colored_black" },
				"north": { "uv": [ 16, 16, 0, 0 ], "texture": "#wool_colored_black" },
				"south": { "uv": [ 0, 16, 16, 0 ], "texture": "#wool_colored_black" },
				"west": { "uv": [ 0, 0, 0.5, 16 ], "texture": "#wool_colored_black", "rotation": 180 },
				"east": { "uv": [ 16, 16, 15.5, 0 ], "texture": "#wool_colored_black" }
			}
		},
		{
			"__comment": "Box4",
			"from": [ 6.8375, 5.65, -0.8 ],
			"to": [ 7.5875, 5.95, 1.75 ],
			"faces": {
				"down": { "uv": [ 0, 15.5, 16, 16 ], "texture": "#quartz_block_lines_top" },
				"up": { "uv": [ 0, 0.5, 16, 0 ], "texture": "#quartz_block_lines_top" },
				"north": { "uv": [ 16, 0, 0, 16 ], "texture": "#quartz_block_lines_top" },
				"south": { "uv": [ 0, 0, 16, 16 ], "texture": "#quartz_block_lines_top" },
				"west": { "uv": [ 0, 0, 0.5, 16 ], "texture": "#quartz_block_lines_top" },
				"east": { "uv": [ 16, 16, 15.5, 0 ], "texture": "#quartz_block_lines_top", "rotation": 180 }
			}
		},
		{
			"__comment": "Box4",
			"from": [ 8.075, 5.7625, -1.25 ],
			"to": [ 8.825, 8.7625, -0.95 ],
			"rotation": { "origin": [ 8.075, 5.7625, -1.25 ], "axis": "x", "angle": -22.5 },
			"faces": {
				"down": { "uv": [ 0, 16, 16, 0 ], "texture": "#quartz_block_lines_top" },
				"up": { "uv": [ 0, 0, 16, 16 ], "texture": "#quartz_block_lines_top" },
				"north": { "uv": [ 16, 0, 0, 0.5 ], "texture": "#quartz_block_lines_top" },
				"south": { "uv": [ 0, 15.5, 16, 16 ], "texture": "#quartz_block_lines_top" },
				"west": { "uv": [ 0, 0, 0.5, 16 ], "texture": "#quartz_block_lines_top", "rotation": 270 },
				"east": { "uv": [ 16, 16, 15.5, 0 ], "texture": "#quartz_block_lines_top", "rotation": 270 }
			}
		},
		{
			"__comment": "Box4",
			"from": [ 7.85, 5.9125, -0.95 ],
			"to": [ 9.05, 8.9125, 0.2500001 ],
			"rotation": { "origin": [ 7.85, 5.9125, -0.95 ], "axis": "x", "angle": -22.5 },
			"faces": {
				"down": { "uv": [ 0, 16, 16, 0 ], "texture": "#wool_colored_black" },
				"up": { "uv": [ 0, 0, 16, 16 ], "texture": "#wool_colored_black" },
				"north": { "uv": [ 16, 0, 0, 0.5 ], "texture": "#wool_colored_black" },
				"south": { "uv": [ 0, 15.5, 16, 16 ], "texture": "#wool_colored_black" },
				"west": { "uv": [ 0, 0, 0.5, 16 ], "texture": "#wool_colored_black", "rotation": 270 },
				"east": { "uv": [ 16, 16, 15.5, 0 ], "texture": "#wool_colored_black", "rotation": 270 }
			}
		},
		{
			"__comment": "Box4",
			"from": [ 7.85, 5.9125, -0.8 ],
			"to": [ 9.05, 7.1125, 2.2 ],
			"faces": {
				"down": { "uv": [ 0, 0.5, 16, 0 ], "texture": "#wool_colored_black" },
				"up": { "uv": [ 0, 15.5, 16, 16 ], "texture": "#wool_colored_black" },
				"north": { "uv": [ 16, 16, 0, 0 ], "texture": "#wool_colored_black" },
				"south": { "uv": [ 0, 16, 16, 0 ], "texture": "#wool_colored_black" },
				"west": { "uv": [ 0, 0, 0.5, 16 ], "texture": "#wool_colored_black", "rotation": 180 },
				"east": { "uv": [ 16, 16, 15.5, 0 ], "texture": "#wool_colored_black" }
			}
		},
		{
			"__comment": "Box4",
			"from": [ 8.075, 5.65, -0.7625 ],
			"to": [ 8.825, 5.95, 1.7875 ],
			"faces": {
				"down": { "uv": [ 0, 15.5, 16, 16 ], "texture": "#quartz_block_lines_top" },
				"up": { "uv": [ 0, 0.5, 16, 0 ], "texture": "#quartz_block_lines_top" },
				"north": { "uv": [ 16, 0, 0, 16 ], "texture": "#quartz_block_lines_top" },
				"south": { "uv": [ 0, 0, 16, 16 ], "texture": "#quartz_block_lines_top" },
				"west": { "uv": [ 0, 0, 0.5, 16 ], "texture": "#quartz_block_lines_top" },
				"east": { "uv": [ 16, 16, 15.5, 0 ], "texture": "#quartz_block_lines_top", "rotation": 180 }
			}
		},
		{
			"__comment": "Box4",
			"from": [ 9.275, 5.7625, -1.0625 ],
			"to": [ 10.025, 8.7625, -0.7625 ],
			"rotation": { "origin": [ 9.275, 5.7625, -1.0625 ], "axis": "x", "angle": -22.5 },
			"faces": {
				"down": { "uv": [ 0, 16, 16, 0 ], "texture": "#quartz_block_lines_top" },
				"up": { "uv": [ 0, 0, 16, 16 ], "texture": "#quartz_block_lines_top" },
				"north": { "uv": [ 16, 0, 0, 0.5 ], "texture": "#quartz_block_lines_top" },
				"south": { "uv": [ 0, 15.5, 16, 16 ], "texture": "#quartz_block_lines_top" },
				"west": { "uv": [ 0, 0, 0.5, 16 ], "texture": "#quartz_block_lines_top", "rotation": 270 },
				"east": { "uv": [ 16, 16, 15.5, 0 ], "texture": "#quartz_block_lines_top", "rotation": 270 }
			}
		},
		{
			"__comment": "Box4",
			"from": [ 9.05, 5.9125, -0.7625 ],
			"to": [ 10.25, 8.9125, 0.4375001 ],
			"rotation": { "origin": [ 9.05, 5.9125, -0.7625 ], "axis": "x", "angle": -22.5 },
			"faces": {
				"down": { "uv": [ 0, 16, 16, 0 ], "texture": "#wool_colored_black" },
				"up": { "uv": [ 0, 0, 16, 16 ], "texture": "#wool_colored_black" },
				"north": { "uv": [ 16, 0, 0, 0.5 ], "texture": "#wool_colored_black" },
				"south": { "uv": [ 0, 15.5, 16, 16 ], "texture": "#wool_colored_black" },
				"west": { "uv": [ 0, 0, 0.5, 16 ], "texture": "#wool_colored_black", "rotation": 270 },
				"east": { "uv": [ 16, 16, 15.5, 0 ], "texture": "#wool_colored_black", "rotation": 270 }
			}
		},
		{
			"__comment": "Box4",
			"from": [ 9.05, 5.9125, -0.6125 ],
			"to": [ 10.25, 7.1125, 2.3875 ],
			"faces": {
				"down": { "uv": [ 0, 0.5, 16, 0 ], "texture": "#wool_colored_black" },
				"up": { "uv": [ 0, 15.5, 16, 16 ], "texture": "#wool_colored_black" },
				"north": { "uv": [ 16, 16, 0, 0 ], "texture": "#wool_colored_black" },
				"south": { "uv": [ 0, 16, 16, 0 ], "texture": "#wool_colored_black" },
				"west": { "uv": [ 0, 0, 0.5, 16 ], "texture": "#wool_colored_black", "rotation": 180 },
				"east": { "uv": [ 16, 16, 15.5, 0 ], "texture": "#wool_colored_black" }
			}
		},
		{
			"__comment": "Box4",
			"from": [ 9.275, 5.65, -0.575 ],
			"to": [ 10.025, 5.95, 1.975 ],
			"faces": {
				"down": { "uv": [ 0, 15.5, 16, 16 ], "texture": "#quartz_block_lines_top" },
				"up": { "uv": [ 0, 0.5, 16, 0 ], "texture": "#quartz_block_lines_top" },
				"north": { "uv": [ 16, 0, 0, 16 ], "texture": "#quartz_block_lines_top" },
				"south": { "uv": [ 0, 0, 16, 16 ], "texture": "#quartz_block_lines_top" },
				"west": { "uv": [ 0, 0, 0.5, 16 ], "texture": "#quartz_block_lines_top" },
				"east": { "uv": [ 16, 16, 15.5, 0 ], "texture": "#quartz_block_lines_top", "rotation": 180 }
			}
		}
	],
	"display": {
		"thirdperson_righthand": {
			"rotation":  [ 0, 0, -90 ],
			"translation":  [ -1.4, -2, 2.5 ],
			"scale":  [ 0.6, 0.7, 0.6 ]
		},
		"thirdperson_lefthand": {
			"rotation":  [ -94, -88, -28 ],
			"translation":  [ 3, -0.304, 0 ],
			"scale":  [ 0.6, 0.7, 0.6 ]
		},
		"firstperson_righthand": {
			"rotation":  [ 0, 16, -6 ],
			"scale":  [ 0.6, 0.6, 0.6 ]
		},
		"firstperson_lefthand": {
			"rotation":  [ -15, -105, 0 ],
			"scale":  [ 0.6, 0.6, 0.6 ]
		},
		"gui": {
			"rotation":  [ 56, 133, -5 ],
			"translation":  [ 0, -1, 0 ],
			"scale":  [ 0.7, 0.7, 0.7 ]
		},
		"fixed": {
			"rotation":  [ -90, 0, 0 ]
		}
	}
}